MethodKey,Method,ProtocolKey,Protocol,Split,Seed,Macro_F1,Weighted_F1,Accuracy,Eval_N,True_Classes,Pred_Classes,Real_Train_N_Common,Real_Train_Classes_Common,Test_Classes,Unseen_Test_Classes,Unseen_Test_Class_List,Unseen_Test_Seconds,TCN_Selected_Epoch,Runtime_Sec
rf_basic10,Random Forest (10 s RSSI summary features),row_random,Naive stratified row-random 70/30,seed42,42.0,0.6136484831698782,0.6190309758760492,0.5499045059064865,14137,23,23,32984,23,23,0,,0,,0.42668676376342773
xgb_rich60_kl_full_smote,XGBoost (60 s rich features + KL-full relabeling + SMOTE),row_random,Naive stratified row-random 70/30,seed42,42.0,0.9124799152430579,0.9063596710572304,0.903091179175214,14137,23,23,32984,23,23,0,,0,,0.0008761882781982422
xgb_rich60_symmetric_smote,XGBoost (60 s rich features + symmetric relabeling + SMOTE),row_random,Naive stratified row-random 70/30,seed42,42.0,0.9124799152430579,0.9063596710572304,0.903091179175214,14137,23,23,32984,23,23,0,,0,,0.015961170196533203
xgb_full60_kl,XGBoost (60 s full-statistics + KL-partial relabeling),row_random,Naive stratified row-random 70/30,seed42,42.0,0.7455896155604116,0.8513757738744684,0.8502511140977577,14137,23,22,32984,23,23,0,,0,,0.01671147346496582
rf_paper60_kl,Random Forest (60 s paper-statistics + KL-partial relabeling),row_random,Naive stratified row-random 70/30,seed42,42.0,0.7913572624577331,0.820881436447852,0.8220273042371083,14137,23,22,32984,23,23,0,,0,,0.0006940364837646484
lgbm_basic60_kl_full_smote,LightGBM (60 s RSSI summary + KL-full relabeling + SMOTE),row_random,Naive stratified row-random 70/30,seed42,42.0,0.838253174825714,0.8928240150066311,0.8901464242767206,14137,23,22,32984,23,23,0,,0,,0.0011870861053466797
rf_basic10_symmetric_smote,Random Forest (10 s RSSI summary + symmetric relabeling + SMOTE),row_random,Naive stratified row-random 70/30,seed42,42.0,0.6288080996369425,0.7138816619969356,0.7138714012874019,14137,23,22,32984,23,23,0,,0,,0.015163660049438477
rf_lagstack10,Random Forest (10 s causal lag-stack features),row_random,Naive stratified row-random 70/30,seed42,42.0,0.5291299986962157,0.5463629597143657,0.4919714225083115,14137,23,23,32984,23,23,0,,0,,0.5965762138366699
tcn10,Causal TCN (10 s RSSI + availability sequence),row_random,Naive stratified row-random 70/30,seed42,42.0,0.5545125966365039,0.6369175569789584,0.6416495720449883,14137,23,22,32984,23,23,0,,0,38.0,35.03265190124512
rf_topology10,Topology-Augmented Random Forest (10 s RSSI summary + floor-plan graph features),row_random,Naive stratified row-random 70/30,seed42,42.0,0.6168876346841371,0.6192865270118749,0.549833769540921,14137,23,23,32984,23,23,0,,0,,0.7792377471923828
ensemble_calibrated,Calibrated Multi-Resolution RF-XGBoost Ensemble (11 s temporal voting),row_random,Naive stratified row-random 70/30,seed42,42.0,0.9001228129892936,0.8777310811493144,0.8753625238735234,14137,23,23,32984,23,23,0,,0,,3.6564786434173584
ensemble_room510,Calibrated Multi-Resolution RF-XGBoost Ensemble + class-510 probability recovery,row_random,Naive stratified row-random 70/30,seed42,42.0,0.9013618020443919,0.877871870070252,0.8755039966046545,14137,23,23,32984,23,23,0,,0,,3.4421300888061523
ensemble_class_aware,Calibrated Multi-Resolution RF-XGBoost Ensemble + class-510 recovery + class-518-weighted temporal voting,row_random,Naive stratified row-random 70/30,seed42,42.0,0.9013618020443919,0.877871870070252,0.8755039966046545,14137,23,23,32984,23,23,0,,0,,3.495537281036377
rf_basic10,Random Forest (10 s RSSI summary features),row_random,Naive stratified row-random 70/30,seed43,43.0,0.6509345209561668,0.7193239272796702,0.7167008559100233,14137,23,22,32984,23,23,0,,0,,0.48134827613830566
xgb_rich60_kl_full_smote,XGBoost (60 s rich features + KL-full relabeling + SMOTE),row_random,Naive stratified row-random 70/30,seed43,43.0,0.8834234616634531,0.8369517562914371,0.7794440121666549,14137,23,23,32984,23,23,0,,0,,0.0020875930786132812
xgb_rich60_symmetric_smote,XGBoost (60 s rich features + symmetric relabeling + SMOTE),row_random,Naive stratified row-random 70/30,seed43,43.0,0.8834234616634531,0.8369517562914371,0.7794440121666549,14137,23,23,32984,23,23,0,,0,,0.17967557907104492
xgb_full60_kl,XGBoost (60 s full-statistics + KL-partial relabeling),row_random,Naive stratified row-random 70/30,seed43,43.0,0.8032166260160254,0.8556954204431482,0.854636768762821,14137,23,22,32984,23,23,0,,0,,0.030190229415893555
rf_paper60_kl,Random Forest (60 s paper-statistics + KL-partial relabeling),row_random,Naive stratified row-random 70/30,seed43,43.0,0.8192897631260819,0.8349058853754525,0.8346183773077739,14137,23,22,32984,23,23,0,,0,,0.000873565673828125
lgbm_basic60_kl_full_smote,LightGBM (60 s RSSI summary + KL-full relabeling + SMOTE),row_random,Naive stratified row-random 70/30,seed43,43.0,0.8579069093268388,0.8929949057167538,0.8901464242767206,14137,23,22,32984,23,23,0,,0,,0.0010514259338378906
rf_basic10_symmetric_smote,Random Forest (10 s RSSI summary + symmetric relabeling + SMOTE),row_random,Naive stratified row-random 70/30,seed43,43.0,0.6563305356657486,0.7278701330833858,0.7250477470467568,14137,23,22,32984,23,23,0,,0,,0.02496933937072754
rf_lagstack10,Random Forest (10 s causal lag-stack features),row_random,Naive stratified row-random 70/30,seed43,43.0,0.5668321899888051,0.6491135287044815,0.6554431633302681,14137,23,22,32984,23,23,0,,0,,0.5766148567199707
tcn10,Causal TCN (10 s RSSI + availability sequence),row_random,Naive stratified row-random 70/30,seed43,43.0,0.5447548171620963,0.6267094563045057,0.6288462898776261,14137,23,22,32984,23,23,0,,0,40.0,34.41159439086914
rf_topology10,Topology-Augmented Random Forest (10 s RSSI summary + floor-plan graph features),row_random,Naive stratified row-random 70/30,seed43,43.0,0.6596180882922231,0.7208100247548294,0.7184692650491618,14137,23,22,32984,23,23,0,,0,,0.5143208503723145
ensemble_calibrated,Calibrated Multi-Resolution RF-XGBoost Ensemble (11 s temporal voting),row_random,Naive stratified row-random 70/30,seed43,43.0,0.9100630279079642,0.883651920406018,0.8810214331187664,14137,23,23,32984,23,23,0,,0,,3.255953550338745
ensemble_room510,Calibrated Multi-Resolution RF-XGBoost Ensemble + class-510 probability recovery,row_random,Naive stratified row-random 70/30,seed43,43.0,0.9100630279079642,0.883651920406018,0.8810214331187664,14137,23,23,32984,23,23,0,,0,,3.160611152648926
ensemble_class_aware,Calibrated Multi-Resolution RF-XGBoost Ensemble + class-510 recovery + class-518-weighted temporal voting,row_random,Naive stratified row-random 70/30,seed43,43.0,0.9100630279079642,0.883651920406018,0.8810214331187664,14137,23,23,32984,23,23,0,,0,,3.2447688579559326
rf_basic10,Random Forest (10 s RSSI summary features),row_random,Naive stratified row-random 70/30,seed44,44.0,0.614109622806535,0.6179907132797251,0.5493386149819622,14137,23,23,32984,23,23,0,,0,,0.6785500049591064
xgb_rich60_kl_full_smote,XGBoost (60 s rich features + KL-full relabeling + SMOTE),row_random,Naive stratified row-random 70/30,seed44,44.0,0.9102606085059229,0.9075402149959008,0.9042229610242626,14137,23,23,32984,23,23,0,,0,,0.001435995101928711
xgb_rich60_symmetric_smote,XGBoost (60 s rich features + symmetric relabeling + SMOTE),row_random,Naive stratified row-random 70/30,seed44,44.0,0.9102606085059229,0.9075402149959008,0.9042229610242626,14137,23,23,32984,23,23,0,,0,,0.018384218215942383
xgb_full60_kl,XGBoost (60 s full-statistics + KL-partial relabeling),row_random,Naive stratified row-random 70/30,seed44,44.0,0.7722982581272954,0.8520602106252829,0.8510999504845441,14137,23,22,32984,23,23,0,,0,,0.1903078556060791
rf_paper60_kl,Random Forest (60 s paper-statistics + KL-partial relabeling),row_random,Naive stratified row-random 70/30,seed44,44.0,0.8136353308038424,0.8299013632606693,0.8300912499115796,14137,23,22,32984,23,23,0,,0,,0.0018258094787597656
lgbm_basic60_kl_full_smote,LightGBM (60 s RSSI summary + KL-full relabeling + SMOTE),row_random,Naive stratified row-random 70/30,seed44,44.0,0.8434636036345914,0.8932646927158038,0.8907830515668105,14137,23,22,32984,23,23,0,,0,,0.0013141632080078125
rf_basic10_symmetric_smote,Random Forest (10 s RSSI summary + symmetric relabeling + SMOTE),row_random,Naive stratified row-random 70/30,seed44,44.0,0.6284823789485774,0.7219290106807357,0.7196010468982104,14137,23,23,32984,23,23,0,,0,,0.03070998191833496
rf_lagstack10,Random Forest (10 s causal lag-stack features),row_random,Naive stratified row-random 70/30,seed44,44.0,0.5267652401594699,0.5423479537896245,0.48843460423003465,14137,23,23,32984,23,23,0,,0,,0.6135709285736084
tcn10,Causal TCN (10 s RSSI + availability sequence),row_random,Naive stratified row-random 70/30,seed44,44.0,0.5413326466123136,0.6167254718664233,0.6173869986560091,14137,23,22,32984,23,23,0,,0,36.0,33.96343278884888
rf_topology10,Topology-Augmented Random Forest (10 s RSSI summary + floor-plan graph features),row_random,Naive stratified row-random 70/30,seed44,44.0,0.621276725220848,0.621820691051016,0.5520973332390182,14137,23,23,32984,23,23,0,,0,,0.4677085876464844
ensemble_calibrated,Calibrated Multi-Resolution RF-XGBoost Ensemble (11 s temporal voting),row_random,Naive stratified row-random 70/30,seed44,44.0,0.9050677151939254,0.8814881815027393,0.8788286057862347,14137,23,23,32984,23,23,0,,0,,2.8814783096313477
ensemble_room510,Calibrated Multi-Resolution RF-XGBoost Ensemble + class-510 probability recovery,row_random,Naive stratified row-random 70/30,seed44,44.0,0.9050876573967155,0.88148690159203,0.8788286057862347,14137,23,23,32984,23,23,0,,0,,3.6412389278411865
ensemble_class_aware,Calibrated Multi-Resolution RF-XGBoost Ensemble + class-510 recovery + class-518-weighted temporal voting,row_random,Naive stratified row-random 70/30,seed44,44.0,0.9050876573967155,0.88148690159203,0.8788286057862347,14137,23,23,32984,23,23,0,,0,,3.3167824745178223
rf_basic10,Random Forest (10 s RSSI summary features),row_random,Naive stratified row-random 70/30,seed45,45.0,0.6190678617928134,0.6304356534231073,0.5606564334724482,14137,23,23,32984,23,23,0,,0,,0.4705061912536621
xgb_rich60_kl_full_smote,XGBoost (60 s rich features + KL-full relabeling + SMOTE),row_random,Naive stratified row-random 70/30,seed45,45.0,0.91856776301877,0.9091058937762497,0.90584989743227,14137,23,23,32984,23,23,0,,0,,0.0008041858673095703
xgb_rich60_symmetric_smote,XGBoost (60 s rich features + symmetric relabeling + SMOTE),row_random,Naive stratified row-random 70/30,seed45,45.0,0.91856776301877,0.9091058937762497,0.90584989743227,14137,23,23,32984,23,23,0,,0,,0.019262313842773438
xgb_full60_kl,XGBoost (60 s full-statistics + KL-partial relabeling),row_random,Naive stratified row-random 70/30,seed45,45.0,0.7598157542945172,0.8556318056139284,0.8549904505906486,14137,23,22,32984,23,23,0,,0,,0.021759748458862305
rf_paper60_kl,Random Forest (60 s paper-statistics + KL-partial relabeling),row_random,Naive stratified row-random 70/30,seed45,45.0,0.7719732063377157,0.8279203596981851,0.829100940793662,14137,23,22,32984,23,23,0,,0,,0.0011217594146728516
lgbm_basic60_kl_full_smote,LightGBM (60 s RSSI summary + KL-full relabeling + SMOTE),row_random,Naive stratified row-random 70/30,seed45,45.0,0.8316659768965742,0.89264783337603,0.8902171606422862,14137,23,22,32984,23,23,0,,0,,0.0011327266693115234
rf_basic10_symmetric_smote,Random Forest (10 s RSSI summary + symmetric relabeling + SMOTE),row_random,Naive stratified row-random 70/30,seed45,45.0,0.6427218806498429,0.733703817385846,0.7306359199264342,14137,23,23,32984,23,23,0,,0,,0.19684457778930664
rf_lagstack10,Random Forest (10 s causal lag-stack features),row_random,Naive stratified row-random 70/30,seed45,45.0,0.5401904509631207,0.545297218776774,0.49338614981962226,14137,23,23,32984,23,23,0,,0,,0.8226828575134277
tcn10,Causal TCN (10 s RSSI + availability sequence),row_random,Naive stratified row-random 70/30,seed45,45.0,0.5584348718924739,0.6269004170112279,0.6321001626936408,14137,23,22,32984,23,23,0,,0,31.0,31.913996696472168
rf_topology10,Topology-Augmented Random Forest (10 s RSSI summary + floor-plan graph features),row_random,Naive stratified row-random 70/30,seed45,45.0,0.6264344670339467,0.6303316616786622,0.5603027516446205,14137,23,23,32984,23,23,0,,0,,0.4813065528869629
ensemble_calibrated,Calibrated Multi-Resolution RF-XGBoost Ensemble (11 s temporal voting),row_random,Naive stratified row-random 70/30,seed45,45.0,0.879210483774319,0.8851197079194515,0.8825068967956426,14137,23,23,32984,23,23,0,,0,,2.539872884750366
ensemble_room510,Calibrated Multi-Resolution RF-XGBoost Ensemble + class-510 probability recovery,row_random,Naive stratified row-random 70/30,seed45,45.0,0.879210483774319,0.8851197079194515,0.8825068967956426,14137,23,23,32984,23,23,0,,0,,2.488415241241455
ensemble_class_aware,Calibrated Multi-Resolution RF-XGBoost Ensemble + class-510 recovery + class-518-weighted temporal voting,row_random,Naive stratified row-random 70/30,seed45,45.0,0.879210483774319,0.8851197079194515,0.8825068967956426,14137,23,23,32984,23,23,0,,0,,2.4955742359161377
rf_basic10,Random Forest (10 s RSSI summary features),row_random,Naive stratified row-random 70/30,seed46,46.0,0.6406959982098717,0.7168248002706301,0.7163471740821956,14137,23,22,32984,23,23,0,,0,,0.4217817783355713
xgb_rich60_kl_full_smote,XGBoost (60 s rich features + KL-full relabeling + SMOTE),row_random,Naive stratified row-random 70/30,seed46,46.0,0.926457885503248,0.9070564174590604,0.9033741246374761,14137,23,23,32984,23,23,0,,0,,0.0012142658233642578
xgb_rich60_symmetric_smote,XGBoost (60 s rich features + symmetric relabeling + SMOTE),row_random,Naive stratified row-random 70/30,seed46,46.0,0.926457885503248,0.9070564174590604,0.9033741246374761,14137,23,23,32984,23,23,0,,0,,0.015707969665527344
xgb_full60_kl,XGBoost (60 s full-statistics + KL-partial relabeling),row_random,Naive stratified row-random 70/30,seed46,46.0,0.7909443007012997,0.8622959744728155,0.8607908325670227,14137,23,22,32984,23,23,0,,0,,0.018820524215698242
rf_paper60_kl,Random Forest (60 s paper-statistics + KL-partial relabeling),row_random,Naive stratified row-random 70/30,seed46,46.0,0.8127707463743657,0.8322727156287444,0.8325670227063734,14137,23,22,32984,23,23,0,,0,,0.0007226467132568359
lgbm_basic60_kl_full_smote,LightGBM (60 s RSSI summary + KL-full relabeling + SMOTE),row_random,Naive stratified row-random 70/30,seed46,46.0,0.8531185889494565,0.8915305259277507,0.8885902242342788,14137,23,22,32984,23,23,0,,0,,0.0007188320159912109
rf_basic10_symmetric_smote,Random Forest (10 s RSSI summary + symmetric relabeling + SMOTE),row_random,Naive stratified row-random 70/30,seed46,46.0,0.6389059062545089,0.7192701269445894,0.7183277923180307,14137,23,22,32984,23,23,0,,0,,0.14842009544372559
rf_lagstack10,Random Forest (10 s causal lag-stack features),row_random,Naive stratified row-random 70/30,seed46,46.0,0.5679180568037018,0.649265263881303,0.6562919997170545,14137,23,22,32984,23,23,0,,0,,0.7698593139648438
tcn10,Causal TCN (10 s RSSI + availability sequence),row_random,Naive stratified row-random 70/30,seed46,46.0,0.5128712625166088,0.6076862346760644,0.6108085166584141,14137,23,22,32984,23,23,0,,0,33.0,33.32265543937683
rf_topology10,Topology-Augmented Random Forest (10 s RSSI summary + floor-plan graph features),row_random,Naive stratified row-random 70/30,seed46,46.0,0.6486989264000731,0.7183465139531114,0.7180448468557685,14137,23,22,32984,23,23,0,,0,,0.48685121536254883
ensemble_calibrated,Calibrated Multi-Resolution RF-XGBoost Ensemble (11 s temporal voting),row_random,Naive stratified row-random 70/30,seed46,46.0,0.9087210764151221,0.8836013187366056,0.8805262785598076,14137,23,23,32984,23,23,0,,0,,2.4939351081848145
ensemble_room510,Calibrated Multi-Resolution RF-XGBoost Ensemble + class-510 probability recovery,row_random,Naive stratified row-random 70/30,seed46,46.0,0.9075050372664338,0.8834577737665774,0.8803848058286765,14137,23,23,32984,23,23,0,,0,,2.445363998413086
ensemble_class_aware,Calibrated Multi-Resolution RF-XGBoost Ensemble + class-510 recovery + class-518-weighted temporal voting,row_random,Naive stratified row-random 70/30,seed46,46.0,0.9075050372664338,0.8834577737665774,0.8803848058286765,14137,23,23,32984,23,23,0,,0,,2.480151653289795
rf_basic10,Random Forest (10 s RSSI summary features),block45_random,45 s block-group random 70/30 + 59 s purge,seed42,42.0,0.29525649024236594,0.5905412770237958,0.6151404151404152,12285,19,19,12619,19,19,1,517,45,,0.2177894115447998
xgb_rich60_kl_full_smote,XGBoost (60 s rich features + KL-full relabeling + SMOTE),block45_random,45 s block-group random 70/30 + 59 s purge,seed42,42.0,0.2971116250696308,0.6178836963169438,0.6396418396418396,12285,19,21,12619,19,19,1,517,45,,0.000659942626953125
xgb_rich60_symmetric_smote,XGBoost (60 s rich features + symmetric relabeling + SMOTE),block45_random,45 s block-group random 70/30 + 59 s purge,seed42,42.0,0.2540459675565749,0.5173919293404956,0.4891330891330891,12285,19,21,12619,19,19,1,517,45,,0.0003650188446044922
xgb_full60_kl,XGBoost (60 s full-statistics + KL-partial relabeling),block45_random,45 s block-group random 70/30 + 59 s purge,seed42,42.0,0.23645720658140257,0.4874318002464587,0.4629222629222629,12285,19,23,12619,19,19,1,517,45,,0.0002982616424560547
rf_paper60_kl,Random Forest (60 s paper-statistics + KL-partial relabeling),block45_random,45 s block-group random 70/30 + 59 s purge,seed42,42.0,0.2827722403616318,0.5526581182944279,0.5280423280423281,12285,19,20,12619,19,19,1,517,45,,0.0002753734588623047
lgbm_basic60_kl_full_smote,LightGBM (60 s RSSI summary + KL-full relabeling + SMOTE),block45_random,45 s block-group random 70/30 + 59 s purge,seed42,42.0,0.31019963542716134,0.6063601042091604,0.6262108262108262,12285,19,21,12619,19,19,1,517,45,,0.0002722740173339844
rf_basic10_symmetric_smote,Random Forest (10 s RSSI summary + symmetric relabeling + SMOTE),block45_random,45 s block-group random 70/30 + 59 s purge,seed42,42.0,0.2764425680712988,0.4747909250057434,0.4249084249084249,12285,19,22,12619,19,19,1,517,45,,0.00026154518127441406
rf_lagstack10,Random Forest (10 s causal lag-stack features),block45_random,45 s block-group random 70/30 + 59 s purge,seed42,42.0,0.2820005255174156,0.5620301408875253,0.5889295889295889,12285,19,19,12619,19,19,1,517,45,,0.27577900886535645
tcn10,Causal TCN (10 s RSSI + availability sequence),block45_random,45 s block-group random 70/30 + 59 s purge,seed42,42.0,0.23788457422994358,0.3957112822531547,0.34521774521774523,12285,19,19,12619,19,19,1,517,45,29.0,12.685093402862549
rf_topology10,Topology-Augmented Random Forest (10 s RSSI summary + floor-plan graph features),block45_random,45 s block-group random 70/30 + 59 s purge,seed42,42.0,0.2819201730755266,0.5820335773691709,0.6052910052910053,12285,19,19,12619,19,19,1,517,45,,0.2462005615234375
ensemble_calibrated,Calibrated Multi-Resolution RF-XGBoost Ensemble (11 s temporal voting),block45_random,45 s block-group random 70/30 + 59 s purge,seed42,42.0,0.3178883602466317,0.5647744161204842,0.5308913308913309,12285,19,22,12619,19,19,1,517,45,,0.1353771686553955
ensemble_room510,Calibrated Multi-Resolution RF-XGBoost Ensemble + class-510 probability recovery,block45_random,45 s block-group random 70/30 + 59 s purge,seed42,42.0,0.3178883602466317,0.5647744161204842,0.5308913308913309,12285,19,22,12619,19,19,1,517,45,,0.13953256607055664
ensemble_class_aware,Calibrated Multi-Resolution RF-XGBoost Ensemble + class-510 recovery + class-518-weighted temporal voting,block45_random,45 s block-group random 70/30 + 59 s purge,seed42,42.0,0.31843016770362453,0.5620740284609165,0.5273911273911274,12285,19,22,12619,19,19,1,517,45,,0.08329463005065918
rf_basic10,Random Forest (10 s RSSI summary features),block45_random,45 s block-group random 70/30 + 59 s purge,seed43,43.0,0.348777331492569,0.5986101241956977,0.6238502238502238,12285,19,18,13198,18,19,2,510|517,90,,0.22784948348999023
xgb_rich60_kl_full_smote,XGBoost (60 s rich features + KL-full relabeling + SMOTE),block45_random,45 s block-group random 70/30 + 59 s purge,seed43,43.0,0.3162237757926616,0.625896663162568,0.6453398453398453,12285,19,22,13198,18,19,2,510|517,90,,0.0004401206970214844
xgb_rich60_symmetric_smote,XGBoost (60 s rich features + symmetric relabeling + SMOTE),block45_random,45 s block-group random 70/30 + 59 s purge,seed43,43.0,0.28668467712120227,0.6111758362862753,0.634025234025234,12285,19,23,13198,18,19,2,510|517,90,,0.0007739067077636719
xgb_full60_kl,XGBoost (60 s full-statistics + KL-partial relabeling),block45_random,45 s block-group random 70/30 + 59 s purge,seed43,43.0,0.24446226832842832,0.49525510388851496,0.4562474562474563,12285,19,21,13198,18,19,2,510|517,90,,0.0004000663757324219
rf_paper60_kl,Random Forest (60 s paper-statistics + KL-partial relabeling),block45_random,45 s block-group random 70/30 + 59 s purge,seed43,43.0,0.26181140120779905,0.5480311008960821,0.508994708994709,12285,19,22,13198,18,19,2,510|517,90,,0.0003829002380371094
lgbm_basic60_kl_full_smote,LightGBM (60 s RSSI summary + KL-full relabeling + SMOTE),block45_random,45 s block-group random 70/30 + 59 s purge,seed43,43.0,0.2735556282884376,0.6002616488654653,0.6215710215710216,12285,19,23,13198,18,19,2,510|517,90,,0.00037550926208496094
rf_basic10_symmetric_smote,Random Forest (10 s RSSI summary + symmetric relabeling + SMOTE),block45_random,45 s block-group random 70/30 + 59 s purge,seed43,43.0,0.32830678280667547,0.593858489177227,0.6177452177452177,12285,19,22,13198,18,19,2,510|517,90,,0.00040793418884277344
rf_lagstack10,Random Forest (10 s causal lag-stack features),block45_random,45 s block-group random 70/30 + 59 s purge,seed43,43.0,0.32797612358634476,0.580095602475888,0.607000407000407,12285,19,17,13198,18,19,2,510|517,90,,0.26546168327331543
tcn10,Causal TCN (10 s RSSI + availability sequence),block45_random,45 s block-group random 70/30 + 59 s purge,seed43,43.0,0.2945355056378245,0.5351971419771168,0.5561253561253561,12285,19,18,13198,18,19,2,510|517,90,37.0,12.550683736801147
rf_topology10,Topology-Augmented Random Forest (10 s RSSI summary + floor-plan graph features),block45_random,45 s block-group random 70/30 + 59 s purge,seed43,43.0,0.3383767764354969,0.5932205142803527,0.6209198209198209,12285,19,17,13198,18,19,2,510|517,90,,0.2493147850036621
ensemble_calibrated,Calibrated Multi-Resolution RF-XGBoost Ensemble (11 s temporal voting),block45_random,45 s block-group random 70/30 + 59 s purge,seed43,43.0,0.36281998642522373,0.662660415156942,0.6803418803418804,12285,19,23,13198,18,19,2,510|517,90,,0.09215617179870605
ensemble_room510,Calibrated Multi-Resolution RF-XGBoost Ensemble + class-510 probability recovery,block45_random,45 s block-group random 70/30 + 59 s purge,seed43,43.0,0.36275975864321985,0.6623711894345718,0.6797720797720798,12285,19,23,13198,18,19,2,510|517,90,,0.26210880279541016
ensemble_class_aware,Calibrated Multi-Resolution RF-XGBoost Ensemble + class-510 recovery + class-518-weighted temporal voting,block45_random,45 s block-group random 70/30 + 59 s purge,seed43,43.0,0.36242225351453644,0.6622592701334362,0.6791208791208792,12285,19,23,13198,18,19,2,510|517,90,,0.148193359375
rf_basic10,Random Forest (10 s RSSI summary features),block45_random,45 s block-group random 70/30 + 59 s purge,seed44,44.0,0.2850050366625748,0.5756973628312873,0.609035409035409,12285,19,17,13768,18,19,2,508|517,90,,0.2207956314086914
xgb_rich60_kl_full_smote,XGBoost (60 s rich features + KL-full relabeling + SMOTE),block45_random,45 s block-group random 70/30 + 59 s purge,seed44,44.0,0.28711254977509354,0.6302886406061075,0.64997964997965,12285,19,22,13768,18,19,2,508|517,90,,0.0006206035614013672
xgb_rich60_symmetric_smote,XGBoost (60 s rich features + symmetric relabeling + SMOTE),block45_random,45 s block-group random 70/30 + 59 s purge,seed44,44.0,0.25066857099802436,0.6243813866432355,0.6415954415954416,12285,19,23,13768,18,19,2,508|517,90,,0.0003402233123779297
xgb_full60_kl,XGBoost (60 s full-statistics + KL-partial relabeling),block45_random,45 s block-group random 70/30 + 59 s purge,seed44,44.0,0.27857946529450234,0.585161933468243,0.5966625966625967,12285,19,23,13768,18,19,2,508|517,90,,0.00026988983154296875
rf_paper60_kl,Random Forest (60 s paper-statistics + KL-partial relabeling),block45_random,45 s block-group random 70/30 + 59 s purge,seed44,44.0,0.2778929258604827,0.6041978545918295,0.6356532356532356,12285,19,23,13768,18,19,2,508|517,90,,0.0003337860107421875
lgbm_basic60_kl_full_smote,LightGBM (60 s RSSI summary + KL-full relabeling + SMOTE),block45_random,45 s block-group random 70/30 + 59 s purge,seed44,44.0,0.26628674556234017,0.633181463836698,0.6484330484330484,12285,19,22,13768,18,19,2,508|517,90,,0.00033402442932128906
rf_basic10_symmetric_smote,Random Forest (10 s RSSI summary + symmetric relabeling + SMOTE),block45_random,45 s block-group random 70/30 + 59 s purge,seed44,44.0,0.2957233599519149,0.5838455801442279,0.6087912087912087,12285,19,22,13768,18,19,2,508|517,90,,0.0002894401550292969
rf_lagstack10,Random Forest (10 s causal lag-stack features),block45_random,45 s block-group random 70/30 + 59 s purge,seed44,44.0,0.29186194727866416,0.5683336590227315,0.6042328042328042,12285,19,18,13768,18,19,2,508|517,90,,0.27906179428100586
tcn10,Causal TCN (10 s RSSI + availability sequence),block45_random,45 s block-group random 70/30 + 59 s purge,seed44,44.0,0.25643663874807743,0.5241861513821493,0.5317053317053317,12285,19,18,13768,18,19,2,508|517,90,24.0,12.028151988983154
rf_topology10,Topology-Augmented Random Forest (10 s RSSI summary + floor-plan graph features),block45_random,45 s block-group random 70/30 + 59 s purge,seed44,44.0,0.300864216690624,0.582682928852894,0.6144078144078144,12285,19,18,13768,18,19,2,508|517,90,,0.4859035015106201
ensemble_calibrated,Calibrated Multi-Resolution RF-XGBoost Ensemble (11 s temporal voting),block45_random,45 s block-group random 70/30 + 59 s purge,seed44,44.0,0.3398986201485755,0.6447169624745617,0.6601546601546602,12285,19,22,13768,18,19,2,508|517,90,,0.07584857940673828
ensemble_room510,Calibrated Multi-Resolution RF-XGBoost Ensemble + class-510 probability recovery,block45_random,45 s block-group random 70/30 + 59 s purge,seed44,44.0,0.3398986201485755,0.6447169624745617,0.6601546601546602,12285,19,22,13768,18,19,2,508|517,90,,0.07489395141601562
ensemble_class_aware,Calibrated Multi-Resolution RF-XGBoost Ensemble + class-510 recovery + class-518-weighted temporal voting,block45_random,45 s block-group random 70/30 + 59 s purge,seed44,44.0,0.3398986201485755,0.6447169624745617,0.6601546601546602,12285,19,22,13768,18,19,2,508|517,90,,0.07276320457458496
rf_basic10,Random Forest (10 s RSSI summary features),block45_random,45 s block-group random 70/30 + 59 s purge,seed45,45.0,0.2658740659541607,0.4916725717088517,0.46064306064306065,12285,19,18,13560,18,19,2,510|517,90,,0.23504161834716797
xgb_rich60_kl_full_smote,XGBoost (60 s rich features + KL-full relabeling + SMOTE),block45_random,45 s block-group random 70/30 + 59 s purge,seed45,45.0,0.3013242868379444,0.6228299640220384,0.6415954415954416,12285,19,22,13560,18,19,2,510|517,90,,0.0005195140838623047
xgb_rich60_symmetric_smote,XGBoost (60 s rich features + symmetric relabeling + SMOTE),block45_random,45 s block-group random 70/30 + 59 s purge,seed45,45.0,0.29057389136167305,0.6307891869144999,0.6545380545380546,12285,19,23,13560,18,19,2,510|517,90,,0.0004565715789794922
xgb_full60_kl,XGBoost (60 s full-statistics + KL-partial relabeling),block45_random,45 s block-group random 70/30 + 59 s purge,seed45,45.0,0.2419847966328922,0.5111273022508621,0.48343508343508346,12285,19,21,13560,18,19,2,510|517,90,,0.00031113624572753906
rf_paper60_kl,Random Forest (60 s paper-statistics + KL-partial relabeling),block45_random,45 s block-group random 70/30 + 59 s purge,seed45,45.0,0.3031815723674754,0.5373012099901935,0.5127391127391128,12285,19,22,13560,18,19,2,510|517,90,,0.0002562999725341797
lgbm_basic60_kl_full_smote,LightGBM (60 s RSSI summary + KL-full relabeling + SMOTE),block45_random,45 s block-group random 70/30 + 59 s purge,seed45,45.0,0.26032838557234156,0.6230155363114649,0.6374440374440374,12285,19,22,13560,18,19,2,510|517,90,,0.0002391338348388672
rf_basic10_symmetric_smote,Random Forest (10 s RSSI summary + symmetric relabeling + SMOTE),block45_random,45 s block-group random 70/30 + 59 s purge,seed45,45.0,0.29687631305104434,0.49171293106954733,0.4485144485144485,12285,19,22,13560,18,19,2,510|517,90,,0.0002617835998535156
rf_lagstack10,Random Forest (10 s causal lag-stack features),block45_random,45 s block-group random 70/30 + 59 s purge,seed45,45.0,0.24776358186285713,0.45836029984358795,0.44314204314204314,12285,19,16,13560,18,19,2,510|517,90,,0.2658708095550537
tcn10,Causal TCN (10 s RSSI + availability sequence),block45_random,45 s block-group random 70/30 + 59 s purge,seed45,45.0,0.2980913687051946,0.56395954921423,0.5798127798127798,12285,19,18,13560,18,19,2,510|517,90,11.0,8.501539468765259
rf_topology10,Topology-Augmented Random Forest (10 s RSSI summary + floor-plan graph features),block45_random,45 s block-group random 70/30 + 59 s purge,seed45,45.0,0.2605313750190438,0.48879175779723705,0.4582824582824583,12285,19,18,13560,18,19,2,510|517,90,,0.25199103355407715
ensemble_calibrated,Calibrated Multi-Resolution RF-XGBoost Ensemble (11 s temporal voting),block45_random,45 s block-group random 70/30 + 59 s purge,seed45,45.0,0.3281614134542404,0.5831352778282088,0.55002035002035,12285,19,20,13560,18,19,2,510|517,90,,0.0802314281463623
ensemble_room510,Calibrated Multi-Resolution RF-XGBoost Ensemble + class-510 probability recovery,block45_random,45 s block-group random 70/30 + 59 s purge,seed45,45.0,0.3402190276415252,0.5841807704413382,0.5505901505901506,12285,19,21,13560,18,19,2,510|517,90,,0.07795429229736328
ensemble_class_aware,Calibrated Multi-Resolution RF-XGBoost Ensemble + class-510 recovery + class-518-weighted temporal voting,block45_random,45 s block-group random 70/30 + 59 s purge,seed45,45.0,0.3307604481746413,0.5808637730006302,0.5470085470085471,12285,19,21,13560,18,19,2,510|517,90,,0.07640194892883301
rf_basic10,Random Forest (10 s RSSI summary features),block45_random,45 s block-group random 70/30 + 59 s purge,seed46,46.0,0.31365506390086273,0.6173205498473713,0.6445258445258445,12285,19,18,13307,18,19,2,508|517,90,,0.23001480102539062
xgb_rich60_kl_full_smote,XGBoost (60 s rich features + KL-full relabeling + SMOTE),block45_random,45 s block-group random 70/30 + 59 s purge,seed46,46.0,0.3154886882430255,0.6129672300970153,0.6337810337810338,12285,19,21,13307,18,19,2,508|517,90,,0.00048732757568359375
xgb_rich60_symmetric_smote,XGBoost (60 s rich features + symmetric relabeling + SMOTE),block45_random,45 s block-group random 70/30 + 59 s purge,seed46,46.0,0.2670491706457911,0.5139994969475797,0.47977207977207975,12285,19,21,13307,18,19,2,508|517,90,,0.00038909912109375
xgb_full60_kl,XGBoost (60 s full-statistics + KL-partial relabeling),block45_random,45 s block-group random 70/30 + 59 s purge,seed46,46.0,0.26914313006096635,0.4984219414924018,0.4670736670736671,12285,19,22,13307,18,19,2,508|517,90,,0.0003981590270996094
rf_paper60_kl,Random Forest (60 s paper-statistics + KL-partial relabeling),block45_random,45 s block-group random 70/30 + 59 s purge,seed46,46.0,0.2995438040955722,0.6090400637391956,0.6407814407814408,12285,19,20,13307,18,19,2,508|517,90,,0.000255584716796875
lgbm_basic60_kl_full_smote,LightGBM (60 s RSSI summary + KL-full relabeling + SMOTE),block45_random,45 s block-group random 70/30 + 59 s purge,seed46,46.0,0.28327443301305505,0.6168389762319285,0.6348392348392349,12285,19,22,13307,18,19,2,508|517,90,,0.00024247169494628906
rf_basic10_symmetric_smote,Random Forest (10 s RSSI summary + symmetric relabeling + SMOTE),block45_random,45 s block-group random 70/30 + 59 s purge,seed46,46.0,0.32177843029096864,0.5115976486855462,0.46544566544566546,12285,19,21,13307,18,19,2,508|517,90,,0.0002586841583251953
rf_lagstack10,Random Forest (10 s causal lag-stack features),block45_random,45 s block-group random 70/30 + 59 s purge,seed46,46.0,0.271833572159897,0.46812625787081763,0.4350834350834351,12285,19,18,13307,18,19,2,508|517,90,,0.28658151626586914
tcn10,Causal TCN (10 s RSSI + availability sequence),block45_random,45 s block-group random 70/30 + 59 s purge,seed46,46.0,0.2611998291111517,0.4502094167272749,0.4013024013024013,12285,19,17,13307,18,19,2,508|517,90,21.0,10.497497797012329
rf_topology10,Topology-Augmented Random Forest (10 s RSSI summary + floor-plan graph features),block45_random,45 s block-group random 70/30 + 59 s purge,seed46,46.0,0.30362223301507746,0.6179229152359254,0.645991045991046,12285,19,17,13307,18,19,2,508|517,90,,0.24989080429077148
ensemble_calibrated,Calibrated Multi-Resolution RF-XGBoost Ensemble (11 s temporal voting),block45_random,45 s block-group random 70/30 + 59 s purge,seed46,46.0,0.3868246283110847,0.6655053029173494,0.6882376882376883,12285,19,22,13307,18,19,2,508|517,90,,0.07603144645690918
ensemble_room510,Calibrated Multi-Resolution RF-XGBoost Ensemble + class-510 probability recovery,block45_random,45 s block-group random 70/30 + 59 s purge,seed46,46.0,0.3868246283110847,0.6655053029173494,0.6882376882376883,12285,19,22,13307,18,19,2,508|517,90,,0.08146834373474121
ensemble_class_aware,Calibrated Multi-Resolution RF-XGBoost Ensemble + class-510 recovery + class-518-weighted temporal voting,block45_random,45 s block-group random 70/30 + 59 s purge,seed46,46.0,0.38704449989331613,0.6654538094119979,0.6874236874236874,12285,19,22,13307,18,19,2,508|517,90,,0.07712435722351074
rf_basic10,Random Forest (10 s RSSI summary features),event_random,Event-group random 70/30 + 59 s purge,seed42,42.0,0.2294400273905054,0.49793440283471885,0.4501446186634191,13138,21,19,28505,21,21,2,516|518,101,,0.3438436985015869
xgb_rich60_kl_full_smote,XGBoost (60 s rich features + KL-full relabeling + SMOTE),event_random,Event-group random 70/30 + 59 s purge,seed42,42.0,0.17477438699882156,0.4939668646287679,0.4848530978840006,13138,21,20,28505,21,21,2,516|518,101,,0.0010747909545898438
xgb_rich60_symmetric_smote,XGBoost (60 s rich features + symmetric relabeling + SMOTE),event_random,Event-group random 70/30 + 59 s purge,seed42,42.0,0.16624878398178855,0.48327127689825145,0.4509818846095296,13138,21,22,28505,21,21,2,516|518,101,,0.0005502700805664062
xgb_full60_kl,XGBoost (60 s full-statistics + KL-partial relabeling),event_random,Event-group random 70/30 + 59 s purge,seed42,42.0,0.15669656195355025,0.47215169915288896,0.4690211599939108,13138,21,23,28505,21,21,2,516|518,101,,0.0005159378051757812
rf_paper60_kl,Random Forest (60 s paper-statistics + KL-partial relabeling),event_random,Event-group random 70/30 + 59 s purge,seed42,42.0,0.2085384560846804,0.5045017944561974,0.5156797077180697,13138,21,20,28505,21,21,2,516|518,101,,0.00041937828063964844
lgbm_basic60_kl_full_smote,LightGBM (60 s RSSI summary + KL-full relabeling + SMOTE),event_random,Event-group random 70/30 + 59 s purge,seed42,42.0,0.18134103964163728,0.5057164656468288,0.5006089206880804,13138,21,19,28505,21,21,2,516|518,101,,0.000453948974609375
rf_basic10_symmetric_smote,Random Forest (10 s RSSI summary + symmetric relabeling + SMOTE),event_random,Event-group random 70/30 + 59 s purge,seed42,42.0,0.22914111945753216,0.5044016185320388,0.48706043537829197,13138,21,21,28505,21,21,2,516|518,101,,0.00043010711669921875
rf_lagstack10,Random Forest (10 s causal lag-stack features),event_random,Event-group random 70/30 + 59 s purge,seed42,42.0,0.23333884068839747,0.47934216027576176,0.4356827523215101,13138,21,20,28505,21,21,2,516|518,101,,0.4111490249633789
tcn10,Causal TCN (10 s RSSI + availability sequence),event_random,Event-group random 70/30 + 59 s purge,seed42,42.0,0.22196332850960546,0.5006445546797845,0.44763282082508754,13138,21,19,28505,21,21,2,516|518,101,23.0,24.465898752212524
rf_topology10,Topology-Augmented Random Forest (10 s RSSI summary + floor-plan graph features),event_random,Event-group random 70/30 + 59 s purge,seed42,42.0,0.22398412073252566,0.49566857258453734,0.44793728116912773,13138,21,19,28505,21,21,2,516|518,101,,0.6521902084350586
ensemble_calibrated,Calibrated Multi-Resolution RF-XGBoost Ensemble (11 s temporal voting),event_random,Event-group random 70/30 + 59 s purge,seed42,42.0,0.2251328422296203,0.5360347780363386,0.5352412848226519,13138,21,22,28505,21,21,2,516|518,101,,0.07146644592285156
ensemble_room510,Calibrated Multi-Resolution RF-XGBoost Ensemble + class-510 probability recovery,event_random,Event-group random 70/30 + 59 s purge,seed42,42.0,0.2251328422296203,0.5360347780363386,0.5352412848226519,13138,21,22,28505,21,21,2,516|518,101,,0.08532929420471191
ensemble_class_aware,Calibrated Multi-Resolution RF-XGBoost Ensemble + class-510 recovery + class-518-weighted temporal voting,event_random,Event-group random 70/30 + 59 s purge,seed42,42.0,0.22797937297834497,0.5363188187176932,0.5353173999086619,13138,21,22,28505,21,21,2,516|518,101,,0.06527066230773926
rf_basic10,Random Forest (10 s RSSI summary features),event_random,Event-group random 70/30 + 59 s purge,seed43,43.0,0.26983219920562557,0.4937590437379632,0.5154291578098659,13643,21,18,28230,20,21,3,503|505|518,328,,0.5878653526306152
xgb_rich60_kl_full_smote,XGBoost (60 s rich features + KL-full relabeling + SMOTE),event_random,Event-group random 70/30 + 59 s purge,seed43,43.0,0.2523485016224383,0.47573106909834123,0.44198490068166824,13643,21,23,28230,20,21,3,503|505|518,328,,0.0005781650543212891
xgb_rich60_symmetric_smote,XGBoost (60 s rich features + symmetric relabeling + SMOTE),event_random,Event-group random 70/30 + 59 s purge,seed43,43.0,0.2761782560449632,0.5246190772867686,0.5306017738034157,13643,21,23,28230,20,21,3,503|505|518,328,,0.0005366802215576172
xgb_full60_kl,XGBoost (60 s full-statistics + KL-partial relabeling),event_random,Event-group random 70/30 + 59 s purge,seed43,43.0,0.2675606406445914,0.49957886682576547,0.45136700139265556,13643,21,23,28230,20,21,3,503|505|518,328,,0.0003936290740966797
rf_paper60_kl,Random Forest (60 s paper-statistics + KL-partial relabeling),event_random,Event-group random 70/30 + 59 s purge,seed43,43.0,0.28503258708933643,0.4891353744622128,0.4561313494099538,13643,21,22,28230,20,21,3,503|505|518,328,,0.0002956390380859375
lgbm_basic60_kl_full_smote,LightGBM (60 s RSSI summary + KL-full relabeling + SMOTE),event_random,Event-group random 70/30 + 59 s purge,seed43,43.0,0.27080524507222453,0.5332279974205014,0.5424026973539544,13643,21,23,28230,20,21,3,503|505|518,328,,0.00029540061950683594
rf_basic10_symmetric_smote,Random Forest (10 s RSSI summary + symmetric relabeling + SMOTE),event_random,Event-group random 70/30 + 59 s purge,seed43,43.0,0.29762297802722426,0.5071867562382468,0.5199003151799457,13643,21,21,28230,20,21,3,503|505|518,328,,0.00038170814514160156
rf_lagstack10,Random Forest (10 s causal lag-stack features),event_random,Event-group random 70/30 + 59 s purge,seed43,43.0,0.24821174518793762,0.4791756459364271,0.49959686286007476,13643,21,18,28230,20,21,3,503|505|518,328,,0.43007779121398926
tcn10,Causal TCN (10 s RSSI + availability sequence),event_random,Event-group random 70/30 + 59 s purge,seed43,43.0,0.22858709559727441,0.40741394587847457,0.36297002125632194,13643,21,19,28230,20,21,3,503|505|518,328,10.0,18.613178253173828
rf_topology10,Topology-Augmented Random Forest (10 s RSSI summary + floor-plan graph features),event_random,Event-group random 70/30 + 59 s purge,seed43,43.0,0.26943239164383526,0.4936158746240145,0.5148427765154292,13643,21,18,28230,20,21,3,503|505|518,328,,0.3788869380950928
ensemble_calibrated,Calibrated Multi-Resolution RF-XGBoost Ensemble (11 s temporal voting),event_random,Event-group random 70/30 + 59 s purge,seed43,43.0,0.350890753458424,0.587317468561886,0.5947372278824306,13643,21,23,28230,20,21,3,503|505|518,328,,0.05706644058227539
ensemble_room510,Calibrated Multi-Resolution RF-XGBoost Ensemble + class-510 probability recovery,event_random,Event-group random 70/30 + 59 s purge,seed43,43.0,0.34676008176898604,0.5856469760071327,0.5926848933519021,13643,21,23,28230,20,21,3,503|505|518,328,,0.05574154853820801
ensemble_class_aware,Calibrated Multi-Resolution RF-XGBoost Ensemble + class-510 recovery + class-518-weighted temporal voting,event_random,Event-group random 70/30 + 59 s purge,seed43,43.0,0.3504883697410888,0.5859466296112017,0.5920985120574653,13643,21,23,28230,20,21,3,503|505|518,328,,0.047220706939697266
rf_basic10,Random Forest (10 s RSSI summary features),event_random,Event-group random 70/30 + 59 s purge,seed44,44.0,0.22270967745007436,0.5340687712753065,0.5749849023686506,14903,21,20,27518,21,21,1,516,13,,0.595311164855957
xgb_rich60_kl_full_smote,XGBoost (60 s rich features + KL-full relabeling + SMOTE),event_random,Event-group random 70/30 + 59 s purge,seed44,44.0,0.18262549452686166,0.5388793122317833,0.576997919881903,14903,21,22,27518,21,21,1,516,13,,0.0009295940399169922
xgb_rich60_symmetric_smote,XGBoost (60 s rich features + symmetric relabeling + SMOTE),event_random,Event-group random 70/30 + 59 s purge,seed44,44.0,0.17584897745559244,0.48284334707317456,0.4550761591625847,14903,21,21,27518,21,21,1,516,13,,0.0005104541778564453
xgb_full60_kl,XGBoost (60 s full-statistics + KL-partial relabeling),event_random,Event-group random 70/30 + 59 s purge,seed44,44.0,0.18848579514090452,0.4902493133133534,0.4583640877675636,14903,21,22,27518,21,21,1,516,13,,0.0004696846008300781
rf_paper60_kl,Random Forest (60 s paper-statistics + KL-partial relabeling),event_random,Event-group random 70/30 + 59 s purge,seed44,44.0,0.20735472554101372,0.49078618845794425,0.4761457424679595,14903,21,21,27518,21,21,1,516,13,,0.0007309913635253906
lgbm_basic60_kl_full_smote,LightGBM (60 s RSSI summary + KL-full relabeling + SMOTE),event_random,Event-group random 70/30 + 59 s purge,seed44,44.0,0.27012892111506603,0.5815190199715288,0.610212708850567,14903,21,23,27518,21,21,1,516,13,,0.00040435791015625
rf_basic10_symmetric_smote,Random Forest (10 s RSSI summary + symmetric relabeling + SMOTE),event_random,Event-group random 70/30 + 59 s purge,seed44,44.0,0.23944340224197128,0.5484767431020491,0.5776018251358787,14903,21,23,27518,21,21,1,516,13,,0.00048542022705078125
rf_lagstack10,Random Forest (10 s causal lag-stack features),event_random,Event-group random 70/30 + 59 s purge,seed44,44.0,0.21375786833872845,0.5148155692142761,0.5544521237334765,14903,21,21,27518,21,21,1,516,13,,0.39997386932373047
tcn10,Causal TCN (10 s RSSI + availability sequence),event_random,Event-group random 70/30 + 59 s purge,seed44,44.0,0.24763718408964752,0.5227687366708051,0.5441857344158895,14903,21,21,27518,21,21,1,516,13,13.0,20.868265390396118
rf_topology10,Topology-Augmented Random Forest (10 s RSSI summary + floor-plan graph features),event_random,Event-group random 70/30 + 59 s purge,seed44,44.0,0.21734236097155704,0.5311651334399881,0.5708917667583708,14903,21,20,27518,21,21,1,516,13,,0.37809252738952637
ensemble_calibrated,Calibrated Multi-Resolution RF-XGBoost Ensemble (11 s temporal voting),event_random,Event-group random 70/30 + 59 s purge,seed44,44.0,0.2870255223660966,0.593783950254626,0.6256458431188351,14903,21,23,27518,21,21,1,516,13,,0.07598209381103516
ensemble_room510,Calibrated Multi-Resolution RF-XGBoost Ensemble + class-510 probability recovery,event_random,Event-group random 70/30 + 59 s purge,seed44,44.0,0.2872799260556928,0.5938722437394175,0.625511641951285,14903,21,23,27518,21,21,1,516,13,,0.06498003005981445
ensemble_class_aware,Calibrated Multi-Resolution RF-XGBoost Ensemble + class-510 recovery + class-518-weighted temporal voting,event_random,Event-group random 70/30 + 59 s purge,seed44,44.0,0.28558954909932566,0.5929333788330887,0.6237670267731329,14903,21,23,27518,21,21,1,516,13,,0.05037689208984375
rf_basic10,Random Forest (10 s RSSI summary features),event_random,Event-group random 70/30 + 59 s purge,seed45,45.0,0.2739055964257779,0.5032956407984748,0.457250341997264,11696,21,22,30536,23,21,0,,0,,0.3746187686920166
xgb_rich60_kl_full_smote,XGBoost (60 s rich features + KL-full relabeling + SMOTE),event_random,Event-group random 70/30 + 59 s purge,seed45,45.0,0.2173271713048481,0.5355812858112121,0.5454001367989056,11696,21,23,30536,23,21,0,,0,,0.0005958080291748047
xgb_rich60_symmetric_smote,XGBoost (60 s rich features + symmetric relabeling + SMOTE),event_random,Event-group random 70/30 + 59 s purge,seed45,45.0,0.20606004190218238,0.5371867667516669,0.5493331053351573,11696,21,22,30536,23,21,0,,0,,0.0003848075866699219
xgb_full60_kl,XGBoost (60 s full-statistics + KL-partial relabeling),event_random,Event-group random 70/30 + 59 s purge,seed45,45.0,0.20123712785695058,0.4942882989274083,0.4633207934336525,11696,21,23,30536,23,21,0,,0,,0.0003314018249511719
rf_paper60_kl,Random Forest (60 s paper-statistics + KL-partial relabeling),event_random,Event-group random 70/30 + 59 s purge,seed45,45.0,0.201628464400659,0.4998935671786213,0.4735807113543092,11696,21,20,30536,23,21,0,,0,,0.0002815723419189453
lgbm_basic60_kl_full_smote,LightGBM (60 s RSSI summary + KL-full relabeling + SMOTE),event_random,Event-group random 70/30 + 59 s purge,seed45,45.0,0.22949733470241473,0.5429784180262768,0.5571990424076607,11696,21,21,30536,23,21,0,,0,,0.00026679039001464844
rf_basic10_symmetric_smote,Random Forest (10 s RSSI summary + symmetric relabeling + SMOTE),event_random,Event-group random 70/30 + 59 s purge,seed45,45.0,0.2962050362732449,0.5475060518676619,0.5556600547195623,11696,21,23,30536,23,21,0,,0,,0.0003116130828857422
rf_lagstack10,Random Forest (10 s causal lag-stack features),event_random,Event-group random 70/30 + 59 s purge,seed45,45.0,0.25788979844550336,0.46623209318636644,0.4270690834473324,11696,21,22,30536,23,21,0,,0,,0.4278290271759033
tcn10,Causal TCN (10 s RSSI + availability sequence),event_random,Event-group random 70/30 + 59 s purge,seed45,45.0,0.2619891882749127,0.5106609258254178,0.49640902872777015,11696,21,22,30536,23,21,0,,0,30.0,28.17950677871704
rf_topology10,Topology-Augmented Random Forest (10 s RSSI summary + floor-plan graph features),event_random,Event-group random 70/30 + 59 s purge,seed45,45.0,0.2571765266020433,0.5035917998153621,0.45588235294117646,11696,21,22,30536,23,21,0,,0,,0.4221951961517334
ensemble_calibrated,Calibrated Multi-Resolution RF-XGBoost Ensemble (11 s temporal voting),event_random,Event-group random 70/30 + 59 s purge,seed45,45.0,0.3128207390336634,0.5988942659390274,0.613030095759234,11696,21,22,30536,23,21,0,,0,,0.06351232528686523
ensemble_room510,Calibrated Multi-Resolution RF-XGBoost Ensemble + class-510 probability recovery,event_random,Event-group random 70/30 + 59 s purge,seed45,45.0,0.3128207390336634,0.5988942659390274,0.613030095759234,11696,21,22,30536,23,21,0,,0,,0.0733335018157959
ensemble_class_aware,Calibrated Multi-Resolution RF-XGBoost Ensemble + class-510 recovery + class-518-weighted temporal voting,event_random,Event-group random 70/30 + 59 s purge,seed45,45.0,0.317845183831661,0.5986136382446959,0.6122606019151847,11696,21,22,30536,23,21,0,,0,,0.06482100486755371
rf_basic10,Random Forest (10 s RSSI summary features),event_random,Event-group random 70/30 + 59 s purge,seed46,46.0,0.18793774317116105,0.6089437324566047,0.6238350419384903,17168,21,16,25045,19,21,4,503|505|516|518,341,,0.34972429275512695
xgb_rich60_kl_full_smote,XGBoost (60 s rich features + KL-full relabeling + SMOTE),event_random,Event-group random 70/30 + 59 s purge,seed46,46.0,0.16924554268766934,0.6534153518808637,0.6541239515377446,17168,21,22,25045,19,21,4,503|505|516|518,341,,0.0008854866027832031
xgb_rich60_symmetric_smote,XGBoost (60 s rich features + symmetric relabeling + SMOTE),event_random,Event-group random 70/30 + 59 s purge,seed46,46.0,0.16507760484398004,0.6492939283116758,0.6482991612301957,17168,21,22,25045,19,21,4,503|505|516|518,341,,0.0004374980926513672
xgb_full60_kl,XGBoost (60 s full-statistics + KL-partial relabeling),event_random,Event-group random 70/30 + 59 s purge,seed46,46.0,0.20496698951238787,0.5355140130339575,0.48404007455731596,17168,21,23,25045,19,21,4,503|505|516|518,341,,0.00047898292541503906
rf_paper60_kl,Random Forest (60 s paper-statistics + KL-partial relabeling),event_random,Event-group random 70/30 + 59 s purge,seed46,46.0,0.1329575905543578,0.5261617459747352,0.48992311276794037,17168,21,22,25045,19,21,4,503|505|516|518,341,,0.0003452301025390625
lgbm_basic60_kl_full_smote,LightGBM (60 s RSSI summary + KL-full relabeling + SMOTE),event_random,Event-group random 70/30 + 59 s purge,seed46,46.0,0.1804736142640063,0.6491192181629309,0.6462022367194781,17168,21,23,25045,19,21,4,503|505|516|518,341,,0.0003685951232910156
rf_basic10_symmetric_smote,Random Forest (10 s RSSI summary + symmetric relabeling + SMOTE),event_random,Event-group random 70/30 + 59 s purge,seed46,46.0,0.18471822222758782,0.47431814840651615,0.43237418452935694,17168,21,22,25045,19,21,4,503|505|516|518,341,,0.0003676414489746094
rf_lagstack10,Random Forest (10 s causal lag-stack features),event_random,Event-group random 70/30 + 59 s purge,seed46,46.0,0.18258513232856938,0.5796700790539638,0.5937791239515378,17168,21,17,25045,19,21,4,503|505|516|518,341,,0.40714406967163086
tcn10,Causal TCN (10 s RSSI + availability sequence),event_random,Event-group random 70/30 + 59 s purge,seed46,46.0,0.21598603218083784,0.5315347468382574,0.5429869524697111,17168,21,17,25045,19,21,4,503|505|516|518,341,27.0,24.32761549949646
rf_topology10,Topology-Augmented Random Forest (10 s RSSI summary + floor-plan graph features),event_random,Event-group random 70/30 + 59 s purge,seed46,46.0,0.19414700595461268,0.6035471553307388,0.6155055917986952,17168,21,17,25045,19,21,4,503|505|516|518,341,,0.6262392997741699
ensemble_calibrated,Calibrated Multi-Resolution RF-XGBoost Ensemble (11 s temporal voting),event_random,Event-group random 70/30 + 59 s purge,seed46,46.0,0.2207852170092723,0.6827902942821829,0.6837138863000932,17168,21,21,25045,19,21,4,503|505|516|518,341,,0.05744147300720215
ensemble_room510,Calibrated Multi-Resolution RF-XGBoost Ensemble + class-510 probability recovery,event_random,Event-group random 70/30 + 59 s purge,seed46,46.0,0.2207852170092723,0.6827902942821829,0.6837138863000932,17168,21,21,25045,19,21,4,503|505|516|518,341,,0.057799339294433594
ensemble_class_aware,Calibrated Multi-Resolution RF-XGBoost Ensemble + class-510 recovery + class-518-weighted temporal voting,event_random,Event-group random 70/30 + 59 s purge,seed46,46.0,0.2165205223137757,0.6822717710908098,0.6827236719478099,17168,21,21,25045,19,21,4,503|505|516|518,341,,0.23981952667236328
rf_basic10,Random Forest (10 s RSSI summary features),lodo,Leave-one-day-out (Apr11-Apr13),apr11,,0.3207402404240421,0.6601034046432026,0.6546234509056243,10490,15,20,36631,23,15,0,,0,,0.38692760467529297
xgb_rich60_kl_full_smote,XGBoost (60 s rich features + KL-full relabeling + SMOTE),lodo,Leave-one-day-out (Apr11-Apr13),apr11,,0.17602859190230638,0.6136346249034064,0.6010486177311726,10490,15,18,36631,23,15,0,,0,,0.0006852149963378906
xgb_rich60_symmetric_smote,XGBoost (60 s rich features + symmetric relabeling + SMOTE),lodo,Leave-one-day-out (Apr11-Apr13),apr11,,0.203542120493709,0.6484301276569753,0.6509056244041944,10490,15,18,36631,23,15,0,,0,,0.017915725708007812
xgb_full60_kl,XGBoost (60 s full-statistics + KL-partial relabeling),lodo,Leave-one-day-out (Apr11-Apr13),apr11,,0.18565300849881725,0.6106256544086127,0.5849380362249762,10490,15,19,36631,23,15,0,,0,,0.016100406646728516
rf_paper60_kl,Random Forest (60 s paper-statistics + KL-partial relabeling),lodo,Leave-one-day-out (Apr11-Apr13),apr11,,0.19602327528231958,0.6433960732688206,0.6326024785510009,10490,15,18,36631,23,15,0,,0,,0.0003864765167236328
lgbm_basic60_kl_full_smote,LightGBM (60 s RSSI summary + KL-full relabeling + SMOTE),lodo,Leave-one-day-out (Apr11-Apr13),apr11,,0.23199707875412173,0.6756885124904152,0.6697807435653003,10490,15,17,36631,23,15,0,,0,,0.0003674030303955078
rf_basic10_symmetric_smote,Random Forest (10 s RSSI summary + symmetric relabeling + SMOTE),lodo,Leave-one-day-out (Apr11-Apr13),apr11,,0.2642407673695843,0.6123851090816979,0.5755958055290753,10490,15,23,36631,23,15,0,,0,,0.016791105270385742
rf_lagstack10,Random Forest (10 s causal lag-stack features),lodo,Leave-one-day-out (Apr11-Apr13),apr11,,0.2557434281665477,0.625954288189138,0.6242135367016206,10490,15,20,36631,23,15,0,,0,,0.4432551860809326
tcn10,Causal TCN (10 s RSSI + availability sequence),lodo,Leave-one-day-out (Apr11-Apr13),apr11,,0.3321623752555059,0.596043788790214,0.5585319351763585,10490,15,22,36631,23,15,0,,0,25.0,34.0978627204895
rf_topology10,Topology-Augmented Random Forest (10 s RSSI summary + floor-plan graph features),lodo,Leave-one-day-out (Apr11-Apr13),apr11,,0.28004110469183074,0.6412023070076122,0.6376549094375595,10490,15,20,36631,23,15,0,,0,,0.8040053844451904
ensemble_calibrated,Calibrated Multi-Resolution RF-XGBoost Ensemble (11 s temporal voting),lodo,Leave-one-day-out (Apr11-Apr13),apr11,,0.3127906164877771,0.6928419481974936,0.6911344137273594,10490,15,21,36631,23,15,0,,0,,0.2238321304321289
ensemble_room510,Calibrated Multi-Resolution RF-XGBoost Ensemble + class-510 probability recovery,lodo,Leave-one-day-out (Apr11-Apr13),apr11,,0.29153403627304647,0.6553242404167391,0.6313632030505243,10490,15,21,36631,23,15,0,,0,,0.060133934020996094
ensemble_class_aware,Calibrated Multi-Resolution RF-XGBoost Ensemble + class-510 recovery + class-518-weighted temporal voting,lodo,Leave-one-day-out (Apr11-Apr13),apr11,,0.29153403627304647,0.6553242404167391,0.6313632030505243,10490,15,21,36631,23,15,0,,0,,0.05185198783874512
rf_basic10,Random Forest (10 s RSSI summary features),lodo,Leave-one-day-out (Apr11-Apr13),apr12,,0.2587169882264008,0.5075692934260626,0.5425569590367135,16942,20,21,30179,21,20,2,503|521,253,,0.39913344383239746
xgb_rich60_kl_full_smote,XGBoost (60 s rich features + KL-full relabeling + SMOTE),lodo,Leave-one-day-out (Apr11-Apr13),apr12,,0.2247865092404595,0.5426565269654999,0.567937669696612,16942,20,23,30179,21,20,2,503|521,253,,0.0008935928344726562
xgb_rich60_symmetric_smote,XGBoost (60 s rich features + symmetric relabeling + SMOTE),lodo,Leave-one-day-out (Apr11-Apr13),apr12,,0.17984507202443503,0.41361079918959315,0.3808287097154999,16942,20,23,30179,21,20,2,503|521,253,,0.027339935302734375
xgb_full60_kl,XGBoost (60 s full-statistics + KL-partial relabeling),lodo,Leave-one-day-out (Apr11-Apr13),apr12,,0.2080437223143017,0.529235422634679,0.5579034352496753,16942,20,23,30179,21,20,2,503|521,253,,0.03126168251037598
rf_paper60_kl,Random Forest (60 s paper-statistics + KL-partial relabeling),lodo,Leave-one-day-out (Apr11-Apr13),apr12,,0.23259680345488984,0.5354071043821041,0.5718923385668753,16942,20,23,30179,21,20,2,503|521,253,,0.0010676383972167969
lgbm_basic60_kl_full_smote,LightGBM (60 s RSSI summary + KL-full relabeling + SMOTE),lodo,Leave-one-day-out (Apr11-Apr13),apr12,,0.2217906941008077,0.5385074698081145,0.5659308228072246,16942,20,22,30179,21,20,2,503|521,253,,0.0012195110321044922
rf_basic10_symmetric_smote,Random Forest (10 s RSSI summary + symmetric relabeling + SMOTE),lodo,Leave-one-day-out (Apr11-Apr13),apr12,,0.25232797957983905,0.5055995944148568,0.5399598630622122,16942,20,22,30179,21,20,2,503|521,253,,0.2414536476135254
rf_lagstack10,Random Forest (10 s causal lag-stack features),lodo,Leave-one-day-out (Apr11-Apr13),apr12,,0.23986012325685802,0.4816287180102285,0.5200684688938733,16942,20,20,30179,21,20,2,503|521,253,,0.5846996307373047
tcn10,Causal TCN (10 s RSSI + availability sequence),lodo,Leave-one-day-out (Apr11-Apr13),apr12,,0.23311627784859165,0.45857038911805925,0.48902136701688115,16942,20,21,30179,21,20,2,503|521,253,37.0,39.77921772003174
rf_topology10,Topology-Augmented Random Forest (10 s RSSI summary + floor-plan graph features),lodo,Leave-one-day-out (Apr11-Apr13),apr12,,0.2659556811138401,0.5110723102146558,0.5447999055601463,16942,20,21,30179,21,20,2,503|521,253,,0.8283934593200684
ensemble_calibrated,Calibrated Multi-Resolution RF-XGBoost Ensemble (11 s temporal voting),lodo,Leave-one-day-out (Apr11-Apr13),apr12,,0.27549443950783314,0.5777766950602017,0.6059497107779483,16942,20,21,30179,21,20,2,503|521,253,,0.03841400146484375
ensemble_room510,Calibrated Multi-Resolution RF-XGBoost Ensemble + class-510 probability recovery,lodo,Leave-one-day-out (Apr11-Apr13),apr12,,0.27094027623214095,0.5763612081521655,0.604710187699209,16942,20,21,30179,21,20,2,503|521,253,,0.03856348991394043
ensemble_class_aware,Calibrated Multi-Resolution RF-XGBoost Ensemble + class-510 recovery + class-518-weighted temporal voting,lodo,Leave-one-day-out (Apr11-Apr13),apr12,,0.271020150943093,0.5761971215719941,0.603942863888561,16942,20,21,30179,21,20,2,503|521,253,,0.038062095642089844
rf_basic10,Random Forest (10 s RSSI summary features),lodo,Leave-one-day-out (Apr11-Apr13),apr13,,0.1963614820503979,0.44684820762023486,0.45726253820898904,8833,15,21,38288,22,15,1,510,159,,0.503903865814209
xgb_rich60_kl_full_smote,XGBoost (60 s rich features + KL-full relabeling + SMOTE),lodo,Leave-one-day-out (Apr11-Apr13),apr13,,0.24823728764741385,0.5227610056545261,0.5272274425450016,8833,15,23,38288,22,15,1,510,159,,0.0006282329559326172
xgb_rich60_symmetric_smote,XGBoost (60 s rich features + symmetric relabeling + SMOTE),lodo,Leave-one-day-out (Apr11-Apr13),apr13,,0.2515324689652689,0.5261489940311198,0.5296048907505944,8833,15,22,38288,22,15,1,510,159,,0.013387680053710938
xgb_full60_kl,XGBoost (60 s full-statistics + KL-partial relabeling),lodo,Leave-one-day-out (Apr11-Apr13),apr13,,0.23688435413868697,0.5200381320843602,0.5241707234235254,8833,15,23,38288,22,15,1,510,159,,0.011266708374023438
rf_paper60_kl,Random Forest (60 s paper-statistics + KL-partial relabeling),lodo,Leave-one-day-out (Apr11-Apr13),apr13,,0.23368124134041848,0.5079898333346248,0.5179440733612589,8833,15,21,38288,22,15,1,510,159,,0.00039005279541015625
lgbm_basic60_kl_full_smote,LightGBM (60 s RSSI summary + KL-full relabeling + SMOTE),lodo,Leave-one-day-out (Apr11-Apr13),apr13,,0.2181761078126925,0.5136479506024805,0.51250990603419,8833,15,22,38288,22,15,1,510,159,,0.00021576881408691406
rf_basic10_symmetric_smote,Random Forest (10 s RSSI summary + symmetric relabeling + SMOTE),lodo,Leave-one-day-out (Apr11-Apr13),apr13,,0.19031190956779143,0.36582890712541244,0.2816710064530737,8833,15,23,38288,22,15,1,510,159,,0.01031184196472168
rf_lagstack10,Random Forest (10 s causal lag-stack features),lodo,Leave-one-day-out (Apr11-Apr13),apr13,,0.19523796293553372,0.43276918368567024,0.4397147062153289,8833,15,21,38288,22,15,1,510,159,,0.8436074256896973
tcn10,Causal TCN (10 s RSSI + availability sequence),lodo,Leave-one-day-out (Apr11-Apr13),apr13,,0.1816918533403641,0.39201339159900017,0.39488282576701006,8833,15,20,38288,22,15,1,510,159,28.0,36.59906053543091
rf_topology10,Topology-Augmented Random Forest (10 s RSSI summary + floor-plan graph features),lodo,Leave-one-day-out (Apr11-Apr13),apr13,,0.1972323118437381,0.44323792351814384,0.4527340654364316,8833,15,20,38288,22,15,1,510,159,,0.4713630676269531
ensemble_calibrated,Calibrated Multi-Resolution RF-XGBoost Ensemble (11 s temporal voting),lodo,Leave-one-day-out (Apr11-Apr13),apr13,,0.28719882421893866,0.5655312556312063,0.569342239329786,8833,15,22,38288,22,15,1,510,159,,0.021437406539916992
ensemble_room510,Calibrated Multi-Resolution RF-XGBoost Ensemble + class-510 probability recovery,lodo,Leave-one-day-out (Apr11-Apr13),apr13,,0.2916680984461269,0.5674323566781556,0.5708139929808672,8833,15,22,38288,22,15,1,510,159,,0.024669885635375977
ensemble_class_aware,Calibrated Multi-Resolution RF-XGBoost Ensemble + class-510 recovery + class-518-weighted temporal voting,lodo,Leave-one-day-out (Apr11-Apr13),apr13,,0.30468513672241093,0.5707313645161773,0.5722857466319484,8833,15,22,38288,22,15,1,510,159,,0.024824142456054688
rf_basic10,Random Forest (10 s RSSI summary features),forward,Strict expanding-forward,apr11,,0.17157232073525625,0.6273666955005773,0.6591039084842707,10490,15,12,10856,12,15,6,502|512|513|517|518|522,1021,,0.43758487701416016
xgb_rich60_kl_full_smote,XGBoost (60 s rich features + KL-full relabeling + SMOTE),forward,Strict expanding-forward,apr11,,0.12333931217500199,0.5817305562968055,0.5606291706387035,10490,15,16,10856,12,15,6,502|512|513|517|518|522,1021,,0.0004944801330566406
xgb_rich60_symmetric_smote,XGBoost (60 s rich features + symmetric relabeling + SMOTE),forward,Strict expanding-forward,apr11,,0.15715315694142026,0.6101537096626111,0.5812202097235463,10490,15,15,10856,12,15,6,502|512|513|517|518|522,1021,,0.01769542694091797
xgb_full60_kl,XGBoost (60 s full-statistics + KL-partial relabeling),forward,Strict expanding-forward,apr11,,0.15312226413250843,0.5935597993251297,0.563393708293613,10490,15,16,10856,12,15,6,502|512|513|517|518|522,1021,,0.01875591278076172
rf_paper60_kl,Random Forest (60 s paper-statistics + KL-partial relabeling),forward,Strict expanding-forward,apr11,,0.15849724244938151,0.6159140979678347,0.613346043851287,10490,15,14,10856,12,15,6,502|512|513|517|518|522,1021,,0.00054168701171875
lgbm_basic60_kl_full_smote,LightGBM (60 s RSSI summary + KL-full relabeling + SMOTE),forward,Strict expanding-forward,apr11,,0.1251291154456104,0.5723812164060017,0.5334604385128694,10490,15,16,10856,12,15,6,502|512|513|517|518|522,1021,,0.0004029273986816406
rf_basic10_symmetric_smote,Random Forest (10 s RSSI summary + symmetric relabeling + SMOTE),forward,Strict expanding-forward,apr11,,0.19559487773158285,0.6149349629024908,0.6198284080076263,10490,15,21,10856,12,15,6,502|512|513|517|518|522,1021,,0.01822662353515625
rf_lagstack10,Random Forest (10 s causal lag-stack features),forward,Strict expanding-forward,apr11,,0.14381529482338581,0.6108791801810425,0.6478551000953289,10490,15,12,10856,12,15,6,502|512|513|517|518|522,1021,,0.2769184112548828
tcn10,Causal TCN (10 s RSSI + availability sequence),forward,Strict expanding-forward,apr11,,0.1333014441016081,0.49594425106965356,0.48207816968541467,10490,15,11,10856,12,15,6,502|512|513|517|518|522,1021,2.0,6.093110799789429
rf_topology10,Topology-Augmented Random Forest (10 s RSSI summary + floor-plan graph features),forward,Strict expanding-forward,apr11,,0.1607494697102897,0.6263132184635144,0.6562440419447092,10490,15,11,10856,12,15,6,502|512|513|517|518|522,1021,,0.28059840202331543
ensemble_calibrated,Calibrated Multi-Resolution RF-XGBoost Ensemble (11 s temporal voting),forward,Strict expanding-forward,apr11,,0.2006437905638705,0.6400294297610497,0.628884652049571,10490,15,17,10856,12,15,6,502|512|513|517|518|522,1021,,0.24248099327087402
ensemble_room510,Calibrated Multi-Resolution RF-XGBoost Ensemble + class-510 probability recovery,forward,Strict expanding-forward,apr11,,0.2006437905638705,0.6400294297610497,0.628884652049571,10490,15,17,10856,12,15,6,502|512|513|517|518|522,1021,,0.06927895545959473
ensemble_class_aware,Calibrated Multi-Resolution RF-XGBoost Ensemble + class-510 recovery + class-518-weighted temporal voting,forward,Strict expanding-forward,apr11,,0.2006437905638705,0.6400294297610497,0.628884652049571,10490,15,17,10856,12,15,6,502|512|513|517|518|522,1021,,0.05985665321350098
rf_basic10,Random Forest (10 s RSSI summary features),forward,Strict expanding-forward,apr12,,0.2506602054183772,0.49804261832495117,0.5377759414472908,16942,20,17,21346,18,20,4,503|505|515|521,556,,0.35252881050109863
xgb_rich60_kl_full_smote,XGBoost (60 s rich features + KL-full relabeling + SMOTE),forward,Strict expanding-forward,apr12,,0.23820978526504946,0.5465067342173415,0.5672883957029866,16942,20,23,21346,18,20,4,503|505|515|521,556,,0.0009713172912597656
xgb_rich60_symmetric_smote,XGBoost (60 s rich features + symmetric relabeling + SMOTE),forward,Strict expanding-forward,apr12,,0.21729347982251332,0.5298001539182365,0.5566048872624247,16942,20,23,21346,18,20,4,503|505|515|521,556,,0.02102041244506836
xgb_full60_kl,XGBoost (60 s full-statistics + KL-partial relabeling),forward,Strict expanding-forward,apr12,,0.25604527248979386,0.5428408785297365,0.5622712784795184,16942,20,23,21346,18,20,4,503|505|515|521,556,,0.021066665649414062
rf_paper60_kl,Random Forest (60 s paper-statistics + KL-partial relabeling),forward,Strict expanding-forward,apr12,,0.2513498234860351,0.5237777944124431,0.5543619407389918,16942,20,23,21346,18,20,4,503|505|515|521,556,,0.0005199909210205078
lgbm_basic60_kl_full_smote,LightGBM (60 s RSSI summary + KL-full relabeling + SMOTE),forward,Strict expanding-forward,apr12,,0.2525234675178235,0.5457151893618818,0.5616220044858931,16942,20,22,21346,18,20,4,503|505|515|521,556,,0.0004699230194091797
rf_basic10_symmetric_smote,Random Forest (10 s RSSI summary + symmetric relabeling + SMOTE),forward,Strict expanding-forward,apr12,,0.2527698610291107,0.5038357456841089,0.5373037421791996,16942,20,21,21346,18,20,4,503|505|515|521,556,,0.16955828666687012
rf_lagstack10,Random Forest (10 s causal lag-stack features),forward,Strict expanding-forward,apr12,,0.2304737395687389,0.47588011209021486,0.5198913941683391,16942,20,17,21346,18,20,4,503|505|515|521,556,,0.39095354080200195
tcn10,Causal TCN (10 s RSSI + availability sequence),forward,Strict expanding-forward,apr12,,0.1929802424070191,0.3266338622802419,0.3019714319442805,16942,20,18,21346,18,20,4,503|505|515|521,556,21.0,19.6530704498291
rf_topology10,Topology-Augmented Random Forest (10 s RSSI summary + floor-plan graph features),forward,Strict expanding-forward,apr12,,0.24839792318232853,0.4968555570777476,0.5374808169047338,16942,20,17,21346,18,20,4,503|505|515|521,556,,0.654782772064209
ensemble_calibrated,Calibrated Multi-Resolution RF-XGBoost Ensemble (11 s temporal voting),forward,Strict expanding-forward,apr12,,0.2966672053922549,0.5830681902933614,0.6084287569354268,16942,20,22,21346,18,20,4,503|505|515|521,556,,0.037407875061035156
ensemble_room510,Calibrated Multi-Resolution RF-XGBoost Ensemble + class-510 probability recovery,forward,Strict expanding-forward,apr12,,0.29664433971015386,0.5830835161627493,0.608310707118404,16942,20,22,21346,18,20,4,503|505|515|521,556,,0.03736257553100586
ensemble_class_aware,Calibrated Multi-Resolution RF-XGBoost Ensemble + class-510 recovery + class-518-weighted temporal voting,forward,Strict expanding-forward,apr12,,0.2964946007518569,0.5829388773277807,0.608015582575847,16942,20,22,21346,18,20,4,503|505|515|521,556,,0.2193434238433838
rf_basic10,Random Forest (10 s RSSI summary features),forward,Strict expanding-forward,apr13,,0.1963614820503979,0.44684820762023486,0.45726253820898904,8833,15,21,38288,22,15,1,510,159,,0.41364383697509766
xgb_rich60_kl_full_smote,XGBoost (60 s rich features + KL-full relabeling + SMOTE),forward,Strict expanding-forward,apr13,,0.24823728764741385,0.5227610056545261,0.5272274425450016,8833,15,23,38288,22,15,1,510,159,,0.0009772777557373047
xgb_rich60_symmetric_smote,XGBoost (60 s rich features + symmetric relabeling + SMOTE),forward,Strict expanding-forward,apr13,,0.2515324689652689,0.5261489940311198,0.5296048907505944,8833,15,22,38288,22,15,1,510,159,,0.012501955032348633
xgb_full60_kl,XGBoost (60 s full-statistics + KL-partial relabeling),forward,Strict expanding-forward,apr13,,0.23688435413868697,0.5200381320843602,0.5241707234235254,8833,15,23,38288,22,15,1,510,159,,0.010479927062988281
rf_paper60_kl,Random Forest (60 s paper-statistics + KL-partial relabeling),forward,Strict expanding-forward,apr13,,0.23368124134041848,0.5079898333346248,0.5179440733612589,8833,15,21,38288,22,15,1,510,159,,0.0003552436828613281
lgbm_basic60_kl_full_smote,LightGBM (60 s RSSI summary + KL-full relabeling + SMOTE),forward,Strict expanding-forward,apr13,,0.2181761078126925,0.5136479506024805,0.51250990603419,8833,15,22,38288,22,15,1,510,159,,0.00028395652770996094
rf_basic10_symmetric_smote,Random Forest (10 s RSSI summary + symmetric relabeling + SMOTE),forward,Strict expanding-forward,apr13,,0.19031190956779143,0.36582890712541244,0.2816710064530737,8833,15,23,38288,22,15,1,510,159,,0.01044464111328125
rf_lagstack10,Random Forest (10 s causal lag-stack features),forward,Strict expanding-forward,apr13,,0.19523796293553372,0.43276918368567024,0.4397147062153289,8833,15,21,38288,22,15,1,510,159,,0.7761034965515137
tcn10,Causal TCN (10 s RSSI + availability sequence),forward,Strict expanding-forward,apr13,,0.1816918533403641,0.39201339159900017,0.39488282576701006,8833,15,20,38288,22,15,1,510,159,28.0,34.59461808204651
rf_topology10,Topology-Augmented Random Forest (10 s RSSI summary + floor-plan graph features),forward,Strict expanding-forward,apr13,,0.1972323118437381,0.44323792351814384,0.4527340654364316,8833,15,20,38288,22,15,1,510,159,,0.48069262504577637
ensemble_calibrated,Calibrated Multi-Resolution RF-XGBoost Ensemble (11 s temporal voting),forward,Strict expanding-forward,apr13,,0.28719882421893866,0.5655312556312063,0.569342239329786,8833,15,22,38288,22,15,1,510,159,,0.03307461738586426
ensemble_room510,Calibrated Multi-Resolution RF-XGBoost Ensemble + class-510 probability recovery,forward,Strict expanding-forward,apr13,,0.2916680984461269,0.5674323566781556,0.5708139929808672,8833,15,22,38288,22,15,1,510,159,,0.036328792572021484
ensemble_class_aware,Calibrated Multi-Resolution RF-XGBoost Ensemble + class-510 recovery + class-518-weighted temporal voting,forward,Strict expanding-forward,apr13,,0.30468513672241093,0.5707313645161773,0.5722857466319484,8833,15,22,38288,22,15,1,510,159,,0.03287625312805176
