MethodKey,Method,ProtocolKey,Protocol,Macro_F1,Macro_F1_SD,Weighted_F1,Weighted_F1_SD,Accuracy,Accuracy_SD,Eval_N,True_Classes,Pred_Classes,Split_Count
rf_basic10,Random Forest (10 s RSSI summary features),row_random,Naive stratified row-random 70/30,0.627691297387053,0.017068947260830122,0.6607212140258364,0.052590581909356754,0.6185895168706231,0.08951529853488151,14137.0,23.0,22.6,5
rf_basic10,Random Forest (10 s RSSI summary features),block45_random,45 s block-group random 70/30 + 59 s purge,0.30171359765050665,0.03147592706317786,0.5747683771214007,0.0488202738885085,0.5906389906389906,0.07389937222526972,12285.0,19.0,18.0,5
rf_basic10,Random Forest (10 s RSSI summary features),event_random,Event-group random 70/30 + 59 s purge,0.23676504872862886,0.03573573803385363,0.5276003182206136,0.04815238224474513,0.524328812555538,0.07508253593815897,14109.6,21.0,19.0,5
rf_basic10,Random Forest (10 s RSSI summary features),lodo,Leave-one-day-out (Apr11-Apr13),0.2871055590151645,0.0,0.5371797588613394,0.0,0.5541982627878119,0.0,36265.0,23.0,23.0,3
rf_basic10,Random Forest (10 s RSSI summary features),forward,Strict expanding-forward,0.2561260072930916,0.0,0.5293084938037965,0.0,0.5532607197021921,0.0,36265.0,23.0,21.0,3
xgb_rich60_kl_full_smote,XGBoost (60 s rich features + KL-full relabeling + SMOTE),row_random,Naive stratified row-random 70/30,0.9102379267868903,0.016252044478805447,0.8934027907159756,0.031573231423191815,0.8791964348871755,0.055773648349823374,14137.0,23.0,23.0,5
xgb_rich60_kl_full_smote,XGBoost (60 s rich features + KL-full relabeling + SMOTE),block45_random,45 s block-group random 70/30 + 59 s purge,0.30345218514367117,0.012446940103859352,0.6219732388409346,0.0067658276380432895,0.642067562067562,0.006084458706675428,12285.0,19.0,21.6,5
xgb_rich60_kl_full_smote,XGBoost (60 s rich features + KL-full relabeling + SMOTE),event_random,Event-group random 70/30 + 59 s purge,0.19926421942812783,0.03507823847697302,0.5395147767301938,0.06915958147946084,0.5406720013568445,0.08226203019297564,14109.6,21.0,22.0,5
xgb_rich60_kl_full_smote,XGBoost (60 s rich features + KL-full relabeling + SMOTE),lodo,Leave-one-day-out (Apr11-Apr13),0.25392521270870405,0.0,0.5622731359678443,0.0,0.5675996139528471,0.0,36265.0,23.0,23.0,3
xgb_rich60_kl_full_smote,XGBoost (60 s rich features + KL-full relabeling + SMOTE),forward,Strict expanding-forward,0.25465337033765545,0.0,0.5528953370339994,0.0,0.5556045774162416,0.0,36265.0,23.0,23.0,3
xgb_rich60_symmetric_smote,XGBoost (60 s rich features + symmetric relabeling + SMOTE),row_random,Naive stratified row-random 70/30,0.9102379267868903,0.016252044478805447,0.8934027907159756,0.031573231423191815,0.8791964348871755,0.055773648349823374,14137.0,23.0,23.0,5
xgb_rich60_symmetric_smote,XGBoost (60 s rich features + symmetric relabeling + SMOTE),block45_random,45 s block-group random 70/30 + 59 s purge,0.2698044555366531,0.01829217702022448,0.5795475672264172,0.05872817721027527,0.5798127798127798,0.08742268318041622,12285.0,19.0,22.2,5
xgb_rich60_symmetric_smote,XGBoost (60 s rich features + symmetric relabeling + SMOTE),event_random,Event-group random 70/30 + 59 s purge,0.19788273284570132,0.0467959048875446,0.5354428792643074,0.06813744213384389,0.5268584168281766,0.08089641432557938,14109.6,21.0,22.0,5
xgb_rich60_symmetric_smote,XGBoost (60 s rich features + symmetric relabeling + SMOTE),lodo,Leave-one-day-out (Apr11-Apr13),0.2397383028205344,0.0,0.5259248111379538,0.0,0.49518819798703984,0.0,36265.0,23.0,23.0,3
xgb_rich60_symmetric_smote,XGBoost (60 s rich features + symmetric relabeling + SMOTE),forward,Strict expanding-forward,0.2524468445040312,0.0,0.5558369497957533,0.0,0.5571487660278506,0.0,36265.0,23.0,23.0,3
xgb_full60_kl,XGBoost (60 s full-statistics + KL-partial relabeling),row_random,Naive stratified row-random 70/30,0.7743729109399098,0.023190859971176505,0.8554118370059287,0.004331378516533123,0.8543538233005588,0.004163542717542134,14137.0,23.0,22.0,5
xgb_full60_kl,XGBoost (60 s full-statistics + KL-partial relabeling),block45_random,45 s block-group random 70/30 + 59 s purge,0.25412537337963836,0.018550397220173098,0.5154796162692962,0.039878700834578666,0.49326821326821324,0.0586614361462174,12285.0,19.0,22.0,5
xgb_full60_kl,XGBoost (60 s full-statistics + KL-partial relabeling),event_random,Event-group random 70/30 + 59 s purge,0.20378942302167694,0.04039371133125824,0.49835643825067477,0.023190209566120338,0.46522262342901965,0.012360826001586177,14109.6,21.0,22.8,5
xgb_full60_kl,XGBoost (60 s full-statistics + KL-partial relabeling),lodo,Leave-one-day-out (Apr11-Apr13),0.2510664745295482,0.0,0.553675378148302,0.0,0.5575072383841169,0.0,36265.0,23.0,23.0,3
xgb_full60_kl,XGBoost (60 s full-statistics + KL-partial relabeling),forward,Strict expanding-forward,0.278570704258268,0.0,0.5544275164431766,0.0,0.553315869295464,0.0,36265.0,23.0,23.0,3
rf_paper60_kl,Random Forest (60 s paper-statistics + KL-partial relabeling),row_random,Naive stratified row-random 70/30,0.8018052618199478,0.019780118772197142,0.8291763520821807,0.005322682651384939,0.8296809789912996,0.004790371964746855,14137.0,23.0,22.0,5
rf_paper60_kl,Random Forest (60 s paper-statistics + KL-partial relabeling),block45_random,45 s block-group random 70/30 + 59 s purge,0.2850403887785922,0.016846870516757314,0.5702456695023457,0.033711653493102574,0.5652421652421652,0.06702252555964577,12285.0,19.0,21.4,5
rf_paper60_kl,Random Forest (60 s paper-statistics + KL-partial relabeling),event_random,Event-group random 70/30 + 59 s purge,0.20710236473400948,0.05385781448338319,0.5020957341059422,0.014880258211071985,0.4822921247436465,0.02219806061055593,14109.6,21.0,21.0,5
rf_paper60_kl,Random Forest (60 s paper-statistics + KL-partial relabeling),lodo,Leave-one-day-out (Apr11-Apr13),0.27347713406895163,0.0,0.5622702811396557,0.0,0.5763132496897836,0.0,36265.0,23.0,23.0,3
rf_paper60_kl,Random Forest (60 s paper-statistics + KL-partial relabeling),forward,Strict expanding-forward,0.2816754769825641,0.0,0.5511423373611964,0.0,0.562553426168482,0.0,36265.0,23.0,23.0,3
lgbm_basic60_kl_full_smote,LightGBM (60 s RSSI summary + KL-full relabeling + SMOTE),row_random,Naive stratified row-random 70/30,0.844881650726635,0.010701706616185774,0.892652394548594,0.0006671368926666092,0.8899766569993635,0.0008197487221231258,14137.0,23.0,22.0,5
lgbm_basic60_kl_full_smote,LightGBM (60 s RSSI summary + KL-full relabeling + SMOTE),block45_random,45 s block-group random 70/30 + 59 s purge,0.27872896557266713,0.019565389959903423,0.6159315458909435,0.013093167950250896,0.6336996336996338,0.010435255502813774,12285.0,19.0,22.0,5
lgbm_basic60_kl_full_smote,LightGBM (60 s RSSI summary + KL-full relabeling + SMOTE),event_random,Event-group random 70/30 + 59 s purge,0.22644923095906977,0.04481397246111392,0.5625122238456133,0.05551333938823075,0.5713251212039481,0.05734906411576718,14109.6,21.0,21.8,5
lgbm_basic60_kl_full_smote,LightGBM (60 s RSSI summary + KL-full relabeling + SMOTE),lodo,Leave-one-day-out (Apr11-Apr13),0.26911149463336675,0.0,0.572061292987905,0.0,0.5829587756790293,0.0,36265.0,23.0,23.0,3
lgbm_basic60_kl_full_smote,LightGBM (60 s RSSI summary + KL-full relabeling + SMOTE),forward,Strict expanding-forward,0.25746757890664246,0.0,0.5466044108000079,0.0,0.5415138563353096,0.0,36265.0,23.0,23.0,3
rf_basic10_symmetric_smote,Random Forest (10 s RSSI summary + symmetric relabeling + SMOTE),row_random,Naive stratified row-random 70/30,0.639049760231124,0.011496646476855896,0.7233309500182985,0.007680255893783002,0.7214967814953668,0.006479119017936066,14137.0,23.0,22.4,5
rf_basic10_symmetric_smote,Random Forest (10 s RSSI summary + symmetric relabeling + SMOTE),block45_random,45 s block-group random 70/30 + 59 s purge,0.3038254908343804,0.02112700728637747,0.5311611148164583,0.05436704044246098,0.5130809930809931,0.09263828880408209,12285.0,19.0,21.8,5
rf_basic10_symmetric_smote,Random Forest (10 s RSSI summary + symmetric relabeling + SMOTE),event_random,Event-group random 70/30 + 59 s purge,0.24942615164551207,0.047982945059572964,0.5163778636293026,0.031607865764450876,0.5145193629886071,0.05745156926220442,14109.6,21.0,22.0,5
rf_basic10_symmetric_smote,Random Forest (10 s RSSI summary + symmetric relabeling + SMOTE),lodo,Leave-one-day-out (Apr11-Apr13),0.2697575419131475,0.0,0.5234278080366771,0.0,0.4873569557424514,0.0,36265.0,23.0,23.0,3
rf_basic10_symmetric_smote,Random Forest (10 s RSSI summary + symmetric relabeling + SMOTE),forward,Strict expanding-forward,0.25137262374847247,0.0,0.523367486711423,0.0,0.4989107955328829,0.0,36265.0,23.0,23.0,3
rf_lagstack10,Random Forest (10 s causal lag-stack features),row_random,Naive stratified row-random 70/30,0.5461671873222627,0.020016027240069414,0.5864773849733098,0.057266884273771516,0.5571054679210582,0.09017559719697675,14137.0,23.0,22.6,5
rf_lagstack10,Random Forest (10 s causal lag-stack features),block45_random,45 s block-group random 70/30 + 59 s purge,0.2842871500810357,0.02941256214975824,0.52738919202011,0.05901587442967752,0.5356776556776557,0.08846545716978123,12285.0,19.0,17.6,5
rf_lagstack10,Random Forest (10 s causal lag-stack features),event_random,Event-group random 70/30 + 59 s purge,0.22715667699782727,0.029967526032322066,0.503847109533359,0.0460800741199793,0.5021159892627864,0.07278901062850172,14109.6,21.0,19.6,5
rf_lagstack10,Random Forest (10 s causal lag-stack features),lodo,Leave-one-day-out (Apr11-Apr13),0.25572361051412695,0.0,0.5118331538071482,0.0,0.530621811664139,0.0,36265.0,23.0,23.0,3
rf_lagstack10,Random Forest (10 s causal lag-stack features),forward,Strict expanding-forward,0.23816465732810013,0.0,0.5114671303990734,0.0,0.5373776368399283,0.0,36265.0,23.0,21.0,3
tcn10,Causal TCN (10 s RSSI + availability sequence),row_random,Naive stratified row-random 70/30,0.5423812389639993,0.017905733009908296,0.622987827367436,0.011141724305844276,0.6261583079861357,0.012196947439057682,14137.0,23.0,22.0,5
tcn10,Causal TCN (10 s RSSI + availability sequence),block45_random,45 s block-group random 70/30 + 59 s purge,0.2696295832864384,0.02589999198089435,0.4938527083107852,0.06906686165246498,0.4828327228327228,0.1033810292530101,12285.0,19.0,18.0,5
tcn10,Causal TCN (10 s RSSI + availability sequence),event_random,Event-group random 70/30 + 59 s purge,0.23523256573045556,0.019107952467588663,0.49460458197854784,0.05013369913937812,0.478836911538956,0.07598241119884767,14109.6,21.0,19.6,5
tcn10,Causal TCN (10 s RSSI + availability sequence),lodo,Leave-one-day-out (Apr11-Apr13),0.2652310054900265,0.0,0.48149734822823637,0.0,0.4861988142837447,0.0,36265.0,23.0,22.0,3
tcn10,Causal TCN (10 s RSSI + availability sequence),forward,Strict expanding-forward,0.21101551529457083,0.0,0.41904005418332624,0.0,0.37669929684268577,0.0,36265.0,23.0,20.0,3
rf_topology10,Topology-Augmented Random Forest (10 s RSSI summary + floor-plan graph features),row_random,Naive stratified row-random 70/30,0.6345831683262456,0.018591641370848743,0.6621190836898988,0.05261933826091349,0.6197495932658981,0.09000903864046673,14137.0,23.0,22.6,5
rf_topology10,Topology-Augmented Random Forest (10 s RSSI summary + floor-plan graph features),block45_random,45 s block-group random 70/30 + 59 s purge,0.2970629548471538,0.028845128446762756,0.572930338707116,0.04922729409004633,0.588978428978429,0.07460710683844546,12285.0,19.0,17.8,5
rf_topology10,Topology-Augmented Random Forest (10 s RSSI summary + floor-plan graph features),event_random,Event-group random 70/30 + 59 s purge,0.2324164811809148,0.030602794045518005,0.5255177071589281,0.0461246446391777,0.5210119538365598,0.07252047090218355,14109.6,21.0,19.2,5
rf_topology10,Topology-Augmented Random Forest (10 s RSSI summary + floor-plan graph features),lodo,Leave-one-day-out (Apr11-Apr13),0.27751035448507866,0.0,0.532213734546507,0.0,0.5492347993933545,0.0,36265.0,23.0,22.0,3
rf_topology10,Topology-Augmented Random Forest (10 s RSSI summary + floor-plan graph features),forward,Strict expanding-forward,0.2551218819244178,0.0,0.5273812195616572,0.0,0.5511926099545016,0.0,36265.0,23.0,20.0,3
ensemble_calibrated,Calibrated Multi-Resolution RF-XGBoost Ensemble (11 s temporal voting),row_random,Naive stratified row-random 70/30,0.9006370232561249,0.012581668376904373,0.8823184419428258,0.0028724658483537707,0.8796491476267949,0.00273256695121063,14137.0,23.0,23.0,5
ensemble_calibrated,Calibrated Multi-Resolution RF-XGBoost Ensemble (11 s temporal voting),block45_random,45 s block-group random 70/30 + 59 s purge,0.3471186017171512,0.027789441190585067,0.6241584748995093,0.04696802140051998,0.6219291819291819,0.07538040023501999,12285.0,19.0,21.8,5
ensemble_calibrated,Calibrated Multi-Resolution RF-XGBoost Ensemble (11 s temporal voting),event_random,Event-group random 70/30 + 59 s purge,0.27933101481941536,0.05627303000042498,0.5997641514148122,0.05278781310905137,0.610473667576649,0.05363862140167119,14109.6,21.0,22.2,5
ensemble_calibrated,Calibrated Multi-Resolution RF-XGBoost Ensemble (11 s temporal voting),lodo,Leave-one-day-out (Apr11-Apr13),0.3238495546621331,0.0,0.6087714621005703,0.0,0.6216737901557976,0.0,36265.0,23.0,23.0,3
ensemble_calibrated,Calibrated Multi-Resolution RF-XGBoost Ensemble (11 s temporal voting),forward,Strict expanding-forward,0.3051249843710259,0.0,0.5962358429590896,0.0,0.6048255894112781,0.0,36265.0,23.0,23.0,3
ensemble_room510,Calibrated Multi-Resolution RF-XGBoost Ensemble + class-510 probability recovery,row_random,Naive stratified row-random 70/30,0.9006456016779648,0.012404120836504193,0.8823176347508659,0.0028011957448285767,0.8796491476267949,0.002666770363285081,14137.0,23.0,23.0,5
ensemble_room510,Calibrated Multi-Resolution RF-XGBoost Ensemble + class-510 probability recovery,block45_random,45 s block-group random 70/30 + 59 s purge,0.3495180789982074,0.026203845874475367,0.6243097282776611,0.04668241653326814,0.6219291819291819,0.07513480175537317,12285.0,19.0,22.0,5
ensemble_room510,Calibrated Multi-Resolution RF-XGBoost Ensemble + class-510 probability recovery,event_random,Event-group random 70/30 + 59 s purge,0.27855576121944703,0.054985164249223485,0.5994477116008199,0.05288912619375105,0.6100363604370332,0.053787083376480874,14109.6,21.0,22.2,5
ensemble_room510,Calibrated Multi-Resolution RF-XGBoost Ensemble + class-510 probability recovery,lodo,Leave-one-day-out (Apr11-Apr13),0.3169016601943134,0.0,0.6009725709633268,0.0,0.604163794292017,0.0,36265.0,23.0,23.0,3
ensemble_room510,Calibrated Multi-Resolution RF-XGBoost Ensemble + class-510 probability recovery,forward,Strict expanding-forward,0.30771463684776523,0.0,0.5965705750216291,0.0,0.6051289121742727,0.0,36265.0,23.0,23.0,3
ensemble_class_aware,Calibrated Multi-Resolution RF-XGBoost Ensemble + class-510 recovery + class-518-weighted temporal voting,row_random,Naive stratified row-random 70/30,0.9006456016779648,0.012404120836504193,0.8823176347508659,0.0028011957448285767,0.8796491476267949,0.002666770363285081,14137.0,23.0,23.0,5
ensemble_class_aware,Calibrated Multi-Resolution RF-XGBoost Ensemble + class-510 recovery + class-518-weighted temporal voting,block45_random,45 s block-group random 70/30 + 59 s purge,0.3477111978869388,0.027245489625469403,0.6230735686963085,0.04822512637640293,0.6202197802197803,0.07674233298013199,12285.0,19.0,22.0,5
ensemble_class_aware,Calibrated Multi-Resolution RF-XGBoost Ensemble + class-510 recovery + class-518-weighted temporal voting,event_random,Event-group random 70/30 + 59 s purge,0.2796845995928392,0.05737465381834613,0.599216847299498,0.05260757283910056,0.609233442520451,0.05333476770333765,14109.6,21.0,22.2,5
ensemble_class_aware,Calibrated Multi-Resolution RF-XGBoost Ensemble + class-510 recovery + class-518-weighted temporal voting,lodo,Leave-one-day-out (Apr11-Apr13),0.32236919996829794,0.0,0.6014825794193964,0.0,0.604163794292017,0.0,36265.0,23.0,23.0,3
ensemble_class_aware,Calibrated Multi-Resolution RF-XGBoost Ensemble + class-510 recovery + class-518-weighted temporal voting,forward,Strict expanding-forward,0.3159298493416404,0.0,0.5972987407144508,0.0,0.6053495105473597,0.0,36265.0,23.0,23.0,3
